OID_,YrMoDy,HrMn,Sec,Lat,Min,Lon,Min_1,Depth__km_,mw,Field10,Field11,Field12,Field13,Field14,Field15,Field16,X,Y,xloc,yloc,zloc
1,870818,318,37.69,45,32.27,111,41.18,5.29,0.19,5,269,2.7,0,0.1,0.2,'C',45.53783333,-111.6863333,446415.8872,5042928.021,-3790
2,870818,329,31.9,45,32.59,111,41.4,4.63,-0.73,5,254,2.7,0.02,0.4,0.6,'C',45.54316667,-111.69,446134.7052,5043522.998,-3130
3,870818,359,44.13,45,32.65,111,41.47,5.01,-0.97,7,203,2.8,0.05,0.7,0.8,'C',45.54416667,-111.6911667,446044.5811,5043634.879,-3510
4,870818,427,18.36,45,31.46,111,40.2,4.21,-1,6,269,3.2,0.01,0.2,0.3,'C',45.52433333,-111.67,447678.5826,5041417.431,-2710
5,870818,542,26.89,45,31.2,111,40.25,3.55,-0.77,6,273,3.6,0.02,0.5,0.7,'C',45.52,-111.6708333,447609.4856,5040936.553,-2050
6,870818,619,34.07,45,33.6,111,41.9,2.83,-0.84,6,151,1.8,0.02,0.2,0.4,'B',45.56,-111.6983333,445500.4225,5045398.772,-1330
7,870818,621,20.86,45,30.93,111,40.8,3.59,-1.06,8,275,4.4,0.04,0.7,0.7,'C',45.5155,-111.68,446889.3417,5040442.637,-2090
8,870818,845,25.62,45,33.08,111,42.07,1.21,1,7,100,2.5,0.04,0.3,1.3,'B',45.55133333,-111.7011667,445270.8809,5044437.85,290
9,870818,950,23.26,45,31.41,111,41.46,1.11,-0.67,7,255,4.1,0.04,0.5,2,'C',45.5235,-111.691,446037.832,5041338.749,390
10,870818,1051,36.96,45,32.3,111,39.74,6.31,-0.41,7,257,1.5,0.05,0.7,0.9,'C',45.53833333,-111.6623333,448290.1301,5042967.83,-4810
11,870818,1713,59.78,45,32.25,111,40.58,5.25,0.07,6,237,2.1,0.01,0.2,0.3,'C',45.5375,-111.6763333,447196.3187,5042884.363,-3750
12,870818,1715,33.24,45,32.08,111,41.69,1.87,0.04,5,228,3.5,0,0,0,'C',45.53466667,-111.6948333,445749.2101,5042581.922,-370
13,870819,26,52.43,45,32.56,111,40.48,5.6,-0.39,9,184,1.7,0.02,0.2,0.3,'C',45.54266667,-111.6746667,447331.2626,5043457.273,-4100
14,870819,152,51.5,45,32.46,111,40.56,6.17,-0.66,8,189,1.9,0.02,0.3,0.4,'C',45.541,-111.676,447225.6156,5043272.985,-4670
15,870819,312,48.57,45,33.47,111,41.44,6.15,-0.42,8,96,1.5,0.04,0.4,0.9,'B',45.55783333,-111.6906667,446096.6803,5045152.881,-4650
16,870819,333,39.98,45,33.07,111,41.55,3.96,1.59,7,115,2.2,0.02,0.3,0.6,'B',45.55116667,-111.6925,445947.2062,5044413.461,-2460
17,870819,343,33.92,45,32.71,111,41.4,4.62,-0.76,10,141,2.3,0.04,0.3,0.5,'B',45.54516667,-111.69,446136.6152,5043745.193,-3120
18,870819,358,36.23,45,32.91,111,41.45,5.05,-0.77,8,126,2.4,0.05,0.6,1.2,'B',45.5485,-111.6908333,446074.7518,5044116.078,-3550
19,870819,555,56.06,45,32.59,111,41.41,5.55,-0.54,7,148,2.1,0.04,0.6,1,'B',45.54316667,-111.6901667,446121.6914,5043523.109,-4050
20,870819,745,37.78,45,33.49,111,41.29,6.82,-0.6,7,97,1.3,0.02,0.3,0.5,'B',45.55816667,-111.6881667,446292.1145,5045188.238,-5320
21,870819,840,27.76,45,32.7,111,40.5,4.63,2.1,6,171,1.5,0.03,0.6,1,'B',45.545,-111.675,447307.4226,5043716.72,-3130
22,870819,847,10.71,45,32.68,111,40.53,4.57,1.74,6,172,1.6,0.03,0.6,0.9,'B',45.54466667,-111.6755,447268.0787,5043680.016,-3070
23,870819,858,40.43,45,32.73,111,40.46,4.66,1.44,6,170,1.5,0.02,0.3,0.6,'B',45.5455,-111.6743333,447359.9349,5043771.831,-3160
24,870819,925,10.64,45,32.54,111,40.61,5.03,1.3,6,180,1.8,0.03,0.6,1,'C',45.54233333,-111.6768333,447161.8089,5043421.664,-3530
25,870819,1555,47.5,45,31.72,111,40.22,5.74,-0.46,7,247,2.7,0.03,0.6,0.7,'C',45.52866667,-111.6703333,447656.5735,5041899.072,-4240
26,870819,1746,52.01,45,31.79,111,40.23,5.07,-0.31,6,244,2.6,0.02,0.5,0.6,'C',45.52983333,-111.6705,447644.6388,5042028.793,-3570
27,870819,1853,0.9,45,33.28,111,41.51,5.16,-0.15,7,104,1.8,0.05,0.6,1.2,'B',45.55466667,-111.6918333,446002.5981,5044801.855,-3660
28,870819,2349,3.05,45,32.56,111,40.63,6.08,-0.67,9,178,1.8,0.09,0.9,1.2,'B',45.54266667,-111.6771667,447136.0934,5043458.916,-4580
29,870820,539,14.43,45,32.39,111,40.69,5.73,2.34,7,190,2.1,0.02,0.4,0.7,'C',45.53983333,-111.6781667,447055.3664,5043144.798,-4230
30,870820,541,47.68,45,32.06,111,41.08,4.09,2.23,6,202,1.8,0.01,0.2,0.3,'C',45.53433333,-111.6846667,446542.6895,5042538.068,-2590
31,870820,544,8.78,45,32.24,111,40.35,6.71,-1.02,7,213,2,0.01,0.4,0.6,'C',45.53733333,-111.6725,447495.4478,5042863.332,-5210
32,870820,548,44.38,45,31.93,111,40.41,7.43,-0.25,6,231,2.5,0.01,0.6,1,'C',45.53216667,-111.6735,447412.5572,5042289.982,-5930
33,870820,554,20.54,45,32.09,111,40.66,6.27,1.04,7,212,2.4,0.01,0.3,0.4,'C',45.53483333,-111.6776667,447089.7129,5042588.98,-4770
34,870820,557,14.96,45,32.67,111,40.54,5.28,-1.03,7,172,1.6,0.02,0.4,0.7,'B',45.5445,-111.6756667,447254.9095,5043661.609,-3780
35,870820,618,26.16,45,32.57,111,41.05,5.01,1.06,7,163,2.3,0.02,0.4,0.6,'B',45.54283333,-111.6841667,446589.7776,5043482.066,-3510
36,870820,625,40.65,45,32.57,111,40.71,5.15,0.08,7,174,1.9,0.02,0.3,0.5,'B',45.54283333,-111.6785,447032.1623,5043478.311,-3650
37,870820,645,23.42,45,32.9,111,40.58,6.56,0.03,6,150,1.5,0.03,1,2.4,'C',45.54833333,-111.6763333,447206.4599,5044087.922,-5060
38,870820,647,57.57,45,32.34,111,40.59,5.46,-0.54,7,197,2,0.02,0.3,0.6,'C',45.539,-111.6765,447184.708,5043051.119,-3960
39,870820,648,56.92,45,32.33,111,40.45,5.93,-0.38,6,218,2.8,0.01,0.4,0.6,'C',45.53883333,-111.6741667,447366.7197,5043031.07,-4430
40,870820,653,37.62,45,32.32,111,40.33,5.96,0.12,7,208,1.8,0.02,0.4,0.6,'C',45.53866667,-111.6721667,447522.7106,5043011.245,-4460
41,870820,711,4.98,45,32.28,111,40.64,7.13,-0.64,6,234,2.2,0.02,0.5,0.7,'C',45.538,-111.6773333,447118.7126,5042940.57,-5630
42,870820,717,9.96,45,33.48,111,42.08,2.39,-0.98,7,85,2.1,0.03,0.3,0.8,'A',45.558,-111.7013333,445264.3495,5045178.618,-890
43,870820,741,26.61,45,31.96,111,40.35,6.33,-0.89,8,231,2.4,0.03,0.5,0.7,'C',45.53266667,-111.6725,447491.1047,5042344.877,-4830
44,870820,744,35.77,45,32.38,111,40.89,5.73,3.13,7,183,2.3,0.01,0.3,0.5,'C',45.53966667,-111.6815,446794.9731,5043128.486,-4230
45,870820,749,7.29,45,32.5,111,40.44,5.77,-1.09,7,191,1.7,0.02,0.4,0.7,'C',45.54166667,-111.674,447382.3775,5043345.738,-4270
46,870820,752,27.5,45,32.39,111,40.34,5,0.5,6,203,1.7,0.05,1.3,2.2,'C',45.53983333,-111.6723333,447510.7892,5043140.967,-3500
47,870820,752,58.93,45,32.38,111,40.57,4.95,0.46,7,194,2,0.03,0.7,1.1,'C',45.53966667,-111.6761667,447211.3536,5043124.965,-3450
48,870820,824,6.21,45,32.33,111,40.82,6.23,-0.77,7,189,2.3,0.01,0.3,0.5,'C',45.53883333,-111.6803333,446885.2749,5043035.131,-4730
49,870820,833,10.91,45,32.5,111,40.54,5,-1.05,7,186,1.8,0.03,0.5,0.9,'C',45.54166667,-111.6756667,447252.2598,5043346.832,-3500
50,870820,842,43.87,45,32.12,111,40.2,6.54,-0.73,7,227,2,0.02,0.7,1.1,'C',45.53533333,-111.67,447688.781,5042639.504,-5040
51,870820,847,0.59,45,32.41,111,40.69,5.87,-0.7,7,188,2.1,0.02,0.5,0.8,'C',45.54016667,-111.6781667,447055.6792,5043181.831,-4370
52,870820,859,8.57,45,32.09,111,40.11,6.76,-0.74,7,232,2,0.02,0.6,1,'C',45.53483333,-111.6685,447805.4351,5042582.979,-5260
53,870820,859,38.46,45,32.69,111,40.36,4.49,2.02,7,177,1.4,0.03,0.6,0.9,'B',45.54483333,-111.6726667,447489.4152,5043696.674,-2990
54,870820,912,12.94,45,32.74,111,40.48,4.4,-0.19,7,168,1.5,0.02,0.3,0.5,'B',45.54566667,-111.6746667,447334.0641,5043790.566,-2900
55,870820,917,46.69,45,32.4,111,40.73,6.29,-1.03,8,187,2.1,0.02,0.3,0.4,'C',45.54,-111.6788333,447003.4804,5043163.754,-4790
56,870820,918,0.45,45,32.59,111,40.57,4.96,-0.99,7,178,1.7,0.02,0.3,0.5,'B',45.54316667,-111.6761667,447214.629,5043513.807,-3460
57,870820,937,44.59,45,32.24,111,40.41,6.29,-1.17,8,211,2,0.02,0.4,0.5,'C',45.53733333,-111.6735,447417.3728,5042863.986,-4790
58,870820,937,54.8,45,32.4,111,40.19,6.1,0.15,7,209,1.6,0.03,0.4,0.7,'C',45.54,-111.6698333,447706.1227,5043157.852,-4600
59,870820,945,47.86,45,32.82,111,41.01,4.81,0.31,7,145,2.1,0.02,0.4,0.7,'B',45.547,-111.6835,446645.7671,5043944.531,-3310
60,870820,947,54.66,45,32.4,111,40.89,6.05,-1.04,7,181,2.3,0.02,0.3,0.5,'C',45.54,-111.6815,446795.2875,5043165.519,-4550
61,870820,1017,15.43,45,31.96,111,41.25,4.87,-0.41,8,205,1.6,0.04,0.7,1,'C',45.53266667,-111.6875,446319.8821,5042354.797,-3370
62,870820,1030,41.79,45,32.43,111,40.68,5.6,0.27,7,186,2,0.01,0.2,0.3,'C',45.5405,-111.678,447069.0065,5043218.753,-4100
63,870820,1034,31.28,45,32.19,111,40.79,7.35,-1.07,8,201,2.3,0.03,0.5,0.6,'C',45.5365,-111.6798333,446922.116,5042775.573,-5850
64,870820,1037,59.94,45,33.78,111,42.07,3.26,-0.86,8,80,1.8,0.06,0.5,1.2,'A',45.563,-111.7011667,445282.2059,5045733.995,-1760
65,870820,1046,54.13,45,32.18,111,40.34,6.16,-0.37,8,217,2,0.02,0.4,0.5,'C',45.53633333,-111.6723333,447507.5325,5042752.125,-4660
66,870820,1134,41.68,45,32.49,111,40.52,6.06,0.04,7,188,1.8,0.01,0.2,0.3,'C',45.5415,-111.6753333,447278.1322,5043328.096,-4560
67,870820,1151,34.65,45,32.24,111,40.17,6.51,0.9,7,220,1.8,0.02,0.4,0.7,'C',45.53733333,-111.6695,447729.673,5042861.374,-5010
68,870820,1210,0.18,45,32.34,111,41,5.96,1.19,6,182,2.2,0.01,0.2,0.5,'C',45.539,-111.6833333,446651.2136,5043055.637,-4460
69,870820,1212,21.48,45,32.27,111,40.41,6.33,-0.64,8,208,2,0.03,0.4,0.6,'C',45.53783333,-111.6735,447417.8388,5042919.535,-4830
70,870820,1220,40.49,45,32.31,111,40.37,6.45,-0.42,8,207,1.9,0.04,0.6,0.8,'C',45.5385,-111.6728333,447470.5118,5042993.164,-4950
71,870820,1222,49.41,45,32.48,111,40.75,5.05,-0.08,7,180,2,0.02,0.3,0.6,'B',45.54133333,-111.6791667,446978.7047,5043312.104,-3550
72,870820,1240,12.91,45,32.39,111,40.34,6.07,-0.71,6,203,1.7,0.02,0.8,1.5,'C',45.53983333,-111.6723333,447510.7892,5043140.967,-4570
73,870820,1255,44.34,45,32.49,111,40.76,6.05,-1.22,8,179,2,0.03,0.5,0.7,'B',45.5415,-111.6793333,446965.8551,5043330.731,-4550
74,870820,1255,51.68,45,32.68,111,40.94,4.86,0.5,6,158,2.1,0.03,0.6,1.3,'B',45.54466667,-111.6823333,446734.6379,5043684.528,-3360
75,870820,1325,11.11,45,32.11,111,40.45,6.57,0.14,7,218,2.2,0.02,0.6,1,'C',45.53516667,-111.6741667,447363.2986,5042623.712,-5070
76,870820,1326,37.93,45,32.13,111,40.37,6.86,-0.93,7,220,2.1,0.01,0.3,0.5,'C',45.5355,-111.6728333,447467.7183,5042659.871,-5360
77,870820,1326,45.12,45,32.56,111,40.96,5.11,-1.02,6,167,2.2,0.01,0.3,0.5,'B',45.54266667,-111.6826667,446706.7213,5043462.554,-3610
78,870820,1359,33.46,45,32.37,111,40.71,6.37,-0.79,8,190,2.1,0.03,0.5,0.8,'C',45.5395,-111.6785,447029.0321,5043107.986,-4870
79,870820,1421,48.49,45,33.19,111,41.91,2.88,-0.91,7,100,2.3,0.02,0.2,0.4,'B',45.55316667,-111.6985,445480.8047,5044639.716,-1380
80,870820,1443,59.98,45,30.79,111,39.78,6.54,-1.22,6,290,3.8,0.04,2.8,3.2,'D',45.51316667,-111.663,448214.9911,5040172.307,-5040
81,870820,1448,47.15,45,31.69,111,40.3,7.9,-0.26,7,248,2.8,0.01,0.5,0.7,'C',45.52816667,-111.6716667,447551.9875,5041844.393,-6400
82,870820,1515,36.22,45,32.32,111,41.22,4.04,0.23,7,176,1.9,0.02,0.3,0.5,'B',45.53866667,-111.687,446364.6273,5043021.049,-2540
83,870820,1553,26.28,45,32.4,111,40.54,6.45,0.25,8,194,1.9,0.04,0.5,0.8,'C',45.54,-111.6756667,447250.7012,5043161.669,-4950
84,870820,1813,31.03,45,32.75,111,40.74,6.23,-0.16,6,158,1.8,0.01,0.2,0.4,'B',45.54583333,-111.679,446995.9481,5043811.934,-4730
85,870820,1821,50.28,45,32.32,111,40.76,7.02,-1.05,8,192,2.2,0.02,0.3,0.4,'C',45.53866667,-111.6793333,446963.1911,5043015.955,-5520
86,870820,1822,55.1,45,33.18,111,41.1,6.17,-0.96,8,117,1.7,0.01,0.2,0.3,'B',45.553,-111.685,446534.3638,5044612.116,-4670
87,870820,1911,42.28,45,32.27,111,40.54,6.11,-0.34,8,204,2.1,0.02,0.4,0.6,'C',45.53783333,-111.6756667,447248.6751,5042920.956,-4610
88,870820,2025,29.59,45,33.09,111,40.96,5.65,-0.03,7,126,1.9,0.02,0.3,0.6,'B',45.5515,-111.6826667,446715.0682,5044443.918,-4150
89,870820,2047,59.68,45,32.56,111,40.48,4.8,-1.1,6,184,1.7,0.02,0.5,0.9,'C',45.54266667,-111.6746667,447331.2626,5043457.273,-3300
90,870820,2147,48.8,45,32.4,111,40.36,5.17,-0.93,7,201,1.7,0.02,0.4,0.6,'C',45.54,-111.6726667,447484.9153,5043159.702,-3670
91,870820,2155,0.36,45,32.29,111,40.13,6,-0.48,8,219,1.7,0.04,0.6,0.8,'C',45.53816667,-111.6688333,447782.497,5042953.522,-4500
92,870820,2156,5.13,45,32.69,111,40.87,5.61,-0.21,8,159,2,0.03,0.4,0.7,'B',45.54483333,-111.6811667,446825.8655,5043702.27,-4110
93,870820,2213,29.82,45,32.69,111,41.24,5.05,-0.92,7,148,2.4,0.03,0.4,0.8,'B',45.54483333,-111.6873333,446344.4719,5043706.374,-3550
94,870820,2218,56.9,45,32,111,40.42,7.24,-1.28,8,226,2.4,0.01,0.2,0.2,'C',45.53333333,-111.6736667,447400.6285,5042419.705,-5740
95,870820,2223,58.88,45,32.95,111,41.72,4.51,-1.1,8,116,2.4,0.05,0.4,0.7,'B',45.54916667,-111.6953333,445724.1253,5044193.177,-3010
96,870820,2251,24.73,45,32.13,111,40.8,6.51,-1.51,8,205,2.2,0.03,0.5,0.7,'C',45.5355,-111.68,446908.1596,5042664.586,-5010
97,870821,113,29.3,45,32.46,111,40.51,6.26,-1.51,10,125,1.2,0.03,0.3,0.5,'B',45.541,-111.6751667,447290.6713,5043272.438,-4760
98,870821,120,19.75,45,32.34,111,40.59,5.53,-1,10,124,1.3,0.02,0.3,0.5,'B',45.539,-111.6765,447184.708,5043051.119,-4030
99,870821,135,55.82,45,32.04,111,40.2,6.13,-1.49,10,161,1.4,0.05,0.6,0.9,'B',45.534,-111.67,447687.5447,5042491.374,-4630
100,870821,155,43.16,45,32.31,111,40.66,6.23,-1.58,10,120,1.2,0.05,0.6,0.9,'B',45.5385,-111.6776667,447093.1516,5042996.338,-4730
101,870821,229,45.55,45,32.28,111,40.56,6.15,0.4,11,127,1.4,0.04,0.4,0.7,'B',45.538,-111.676,447222.8088,5042939.692,-4650
102,870821,233,26.5,45,33.17,111,41.23,5.6,-1.35,12,68,0.7,0.04,0.3,0.7,'A',45.55283333,-111.6871667,446365.0871,5044595.045,-4100
103,870821,234,35.48,45,32.25,111,40.73,6.11,-1.56,12,118,1.3,0.05,0.5,0.9,'B',45.5375,-111.6788333,447001.1317,5042886.01,-4610
104,870821,251,25.72,45,32.94,111,41.5,4.9,-0.18,12,63,0.4,0.03,0.3,0.5,'A',45.549,-111.6916667,446010.1757,5044172.188,-3400
105,870821,251,43.19,45,32.12,111,40.93,5.55,-1.17,12,107,1.4,0.03,0.3,0.5,'B',45.53533333,-111.6821667,446738.8316,5042647.504,-4050
106,870821,253,37.18,45,32.92,111,41.61,4.7,-1.53,12,66,0.4,0.04,0.3,0.6,'A',45.54866667,-111.6935,445866.7503,5044136.39,-3200
107,870821,352,2.32,45,32.55,111,40.81,6.02,-1.61,12,105,0.8,0.05,0.5,0.8,'B',45.5425,-111.6801667,446901.7335,5043442.38,-4520
108,870821,359,28.81,45,32.26,111,40.46,6.22,-0.28,12,135,1.5,0.03,0.3,0.6,'B',45.53766667,-111.6743333,447352.6239,5042901.566,-4720
109,870821,444,56.62,45,33.54,111,41.59,4.76,-1.05,12,73,1.4,0.02,0.2,0.3,'A',45.559,-111.6931667,445902.6832,5045284.178,-3260
110,870821,448,59.13,45,32.25,111,40.51,5.58,-1.36,12,131,1.5,0.04,0.4,0.7,'B',45.5375,-111.6751667,447287.4008,5042883.596,-4080
111,870821,450,54.9,45,32.3,111,40.53,5.62,-1.17,12,129,1.4,0.04,0.4,0.6,'B',45.53833333,-111.6755,447262.1575,5042976.396,-4120
112,870821,459,16.04,45,32.33,111,40.67,5.46,-1.36,12,119,1.2,0.03,0.3,0.5,'B',45.53883333,-111.6778333,447080.4573,5043033.48,-3960
113,870821,533,41.97,45,32.95,111,41.39,5.24,-0.87,12,67,0.3,0.03,0.3,0.6,'A',45.54916667,-111.6898333,446153.448,5044189.473,-3740
114,870821,536,49.64,45,31.49,111,40.7,3.67,-0.37,12,149,0.6,0.05,0.5,0.7,'B',45.52483333,-111.6783333,447028.2791,5041478.444,-2170
115,870821,555,39.62,45,33.41,111,41.47,4.76,-1.79,11,87,1.1,0.04,0.3,0.7,'A',45.55683333,-111.6911667,446056.7001,5045042.118,-3260
116,870821,558,5.29,45,32.13,111,40.67,6.28,-1.07,12,123,1.5,0.04,0.5,0.8,'B',45.5355,-111.6778333,447077.3303,5042663.155,-4780
117,870821,618,41.63,45,32.67,111,40.54,4.62,-1.05,12,113,1,0.04,0.3,0.5,'B',45.5445,-111.6756667,447254.9095,5043661.609,-3120
118,870821,723,7.96,45,31.99,111,41.48,2.71,-1.35,12,116,1.3,0.04,0.3,0.6,'B',45.53316667,-111.6913333,446021.0506,5042412.916,-1210
119,870821,732,21.24,45,31.94,111,40.84,6.97,-0.94,12,112,1.4,0.04,0.4,0.7,'B',45.53233333,-111.6806667,446853.1224,5042313.217,-5470
120,870821,851,9.55,45,34.17,111,41.56,7.9,-1.58,11,98,1.1,0.06,0.7,2.1,'B',45.5695,-111.6926667,445951.7759,5046450.372,-6400
121,870821,915,52.86,45,31.87,111,40.91,2.23,-0.71,11,116,1.3,0.05,0.5,0.8,'B',45.53116667,-111.6818333,446760.9312,5042184.377,-730
122,870821,918,20.74,45,32.47,111,40.61,5.54,-0.04,12,118,1.1,0.03,0.3,0.5,'B',45.54116667,-111.6768333,447160.716,5043292.05,-4040
123,870821,931,30.29,45,32.8,111,40.93,7.45,-1.08,12,90,0.5,0.05,0.5,1,'B',45.54666667,-111.6821667,446749.5319,5043906.613,-5950
124,870821,934,23.73,45,31.27,111,41.07,4.73,-1.25,12,206,0.9,0.06,0.7,1,'C',45.52116667,-111.6845,446543.2344,5041075.175,-3230
125,870821,951,7.87,45,32.43,111,41.1,3.62,-1.41,11,95,0.8,0.04,0.3,0.5,'B',45.5405,-111.685,446522.5118,5043223.393,-2120
126,870821,1010,20.35,45,33.43,111,41.55,4.21,-1.65,8,119,1.2,0.02,0.2,0.5,'B',45.55716667,-111.6925,445952.9582,5045080.049,-2710
127,870821,1010,51.29,45,33.28,111,41.42,4.79,0.19,10,67,0.9,0.03,0.3,0.7,'A',45.55466667,-111.6903333,446119.6746,5044800.847,-3290
128,870821,1012,27.12,45,33.01,111,41.51,4.48,-1.24,12,63,0.5,0.04,0.3,0.6,'A',45.55016667,-111.6918333,445998.2883,5044301.914,-2980
129,870821,1012,28.9,45,32.94,111,41.37,5.22,-0.18,12,69,0.2,0.02,0.2,0.4,'A',45.549,-111.6895,446179.3059,5044170.732,-3720
130,870821,1014,58.08,45,32.86,111,41.17,5.83,-0.5,13,81,0.2,0.04,0.3,0.6,'A',45.54766667,-111.6861667,446438.2332,5044020.372,-4330
131,870821,1015,2.86,45,32.92,111,40.87,7.19,-0.14,12,87,0.6,0.04,0.4,0.8,'A',45.54866667,-111.6811667,446829.4798,5044128.146,-5690
132,870821,1015,19.42,45,32.9,111,41.39,5.33,0.02,12,60,0.2,0.04,0.3,0.6,'A',45.54833333,-111.6898333,446152.6522,5044096.89,-3830
133,870821,1015,27.45,45,32.85,111,41.22,6.63,0.39,12,120,0.1,0.07,0.5,0.9,'B',45.5475,-111.687,446373.0267,5044002.412,-5130
134,870821,1016,52.4,45,33.05,111,40.98,6.09,-1.36,9,78,0.6,0.04,0.4,1.1,'A',45.55083333,-111.683,446688.422,5044370.073,-4590
135,870821,1016,58.39,45,33.35,111,41.41,4.14,-1.46,9,67,1,0.03,0.2,0.5,'A',45.55583333,-111.6901667,446133.7926,5044930.349,-2640
136,870821,1018,0.15,45,32.92,111,41.22,5.54,-1.4,12,77,0.2,0.03,0.3,0.5,'A',45.54866667,-111.687,446374.1361,5044132.027,-4040
137,870821,1018,19.59,45,32.99,111,41.35,5.08,-1.52,11,94,0.3,0.03,0.2,0.4,'B',45.54983333,-111.6891667,446206.1179,5044263.09,-3580
138,870821,1019,46.73,45,33.13,111,41.43,4.31,-1.26,12,66,0.6,0.05,0.4,0.8,'A',45.55216667,-111.6905,446104.2738,5044523.214,-2810
139,870821,1023,14.93,45,32.9,111,41.28,4.38,-1.59,12,76,0.2,0.04,0.3,0.6,'A',45.54833333,-111.688,446295.7593,5044095.662,-2880
140,870821,1023,19.99,45,33.16,111,41.52,4.39,-1.64,10,108,0.7,0.03,0.3,0.5,'B',45.55266667,-111.692,445987.671,5044579.771,-2890
141,870821,1026,27.39,45,33.26,111,41.38,3.49,-0.08,10,68,0.8,0.04,0.3,0.7,'A',45.55433333,-111.6896667,446171.3852,5044763.366,-1990
142,870821,1026,57.58,45,32.94,111,41.2,5.49,-1,12,77,0.3,0.04,0.3,0.6,'A',45.549,-111.6866667,446400.4701,5044168.836,-3990
143,870821,1033,29.76,45,33.06,111,41.05,5.1,1.63,11,76,0.5,0.03,0.3,0.5,'A',45.551,-111.6841667,446597.5115,5044389.366,-3600
144,870821,1039,16.86,45,32.81,111,41.24,5.66,-0.12,12,80,0.1,0.04,0.4,0.7,'A',45.54683333,-111.6873333,446346.3747,5043928.569,-4160
145,870821,1039,32.75,45,33.08,111,40.89,4.92,-1.72,8,92,0.7,0.03,0.4,0.9,'B',45.55133333,-111.6815,446805.9783,5044424.627,-3420
146,870821,1044,21.94,45,32.93,111,41.19,4.59,-0.21,12,78,0.2,0.04,0.3,0.7,'A',45.54883333,-111.6865,446413.3242,5044150.208,-3090
147,870821,1048,44.56,45,32.36,111,40.58,5.64,0.79,10,124,1.3,0.03,0.5,0.9,'B',45.53933333,-111.6763333,447198.0348,5043088.041,-4140
148,870821,1050,47.2,45,32.4,111,40.56,5.05,-1.18,10,124,1.2,0.03,0.4,0.8,'B',45.54,-111.676,447224.68,5043161.888,-3550
149,870821,1051,55.75,45,32.28,111,40.4,6.08,-1.23,12,138,1.5,0.03,0.3,0.6,'B',45.538,-111.6733333,447431.0091,5042937.942,-4580
150,870821,1054,48.99,45,32.85,111,41,4.45,-1.85,11,86,0.4,0.03,0.2,0.5,'A',45.5475,-111.6833333,446659.2529,5043999.969,-2950
151,870821,1055,44.83,45,33.03,111,41.53,4.08,-0.94,9,114,0.5,0.01,0.1,0.2,'B',45.5505,-111.6921667,445972.5834,5044339.171,-2580
152,870821,1057,9.95,45,32.87,111,41.37,3.77,-1.33,12,59,0.1,0.05,0.3,0.6,'A',45.54783333,-111.6895,446178.1924,5044041.118,-2270
153,870821,1057,44.59,45,33.19,111,41.71,4.43,-0.25,12,63,0.9,0.04,0.3,0.7,'A',45.55316667,-111.6951667,445740.9791,5044637.456,-2930
154,870821,1058,0.83,45,32.22,111,40.37,6.03,-0.76,12,142,1.6,0.04,0.4,0.7,'B',45.537,-111.6728333,447469.115,5042826.517,-4530
155,870821,1114,16.41,45,33.03,111,41.05,4.87,-1.1,10,77,0.5,0.02,0.2,0.5,'A',45.5505,-111.6841667,446597.038,5044333.817,-3370
156,870821,1119,49.31,45,33.24,111,41.12,6.31,-1.09,12,67,0.8,0.03,0.2,0.5,'A',45.554,-111.6853333,446509.2974,5044723.436,-4810
157,870821,1133,46.91,45,33.12,111,40.88,6.21,-1.49,10,82,0.8,0.03,0.4,1,'A',45.552,-111.6813333,446819.6189,5044498.582,-4710
158,870821,1137,9.95,45,32.84,111,41.19,5.26,-1.96,11,80,0.1,0.03,0.2,0.6,'A',45.54733333,-111.6865,446411.8988,5043983.561,-3760
159,870821,1137,39.05,45,33.06,111,41.24,4.65,-1.19,11,72,0.5,0.03,0.2,0.5,'A',45.551,-111.6873333,446350.339,5044391.478,-3150
160,870821,1139,25.41,45,32.6,111,41.02,5.15,-0.91,12,94,0.5,0.04,0.3,0.7,'B',45.54333333,-111.6836667,446629.2844,5043537.282,-3650
161,870821,1140,59.16,45,33.11,111,41.19,5.04,-0.99,11,71,0.6,0.02,0.2,0.4,'A',45.55183333,-111.6865,446416.1751,5044483.502,-3540
162,870821,1141,30.73,45,32.04,111,40.97,6.32,-0.96,12,105,1.5,0.03,0.3,0.5,'B',45.534,-111.6828333,446685.525,5042499.817,-4820
163,870821,1141,42.7,45,32.95,111,41.28,5.37,-1.44,12,74,0.2,0.02,0.2,0.4,'A',45.54916667,-111.688,446296.5529,5044188.244,-3870
164,870821,1144,29.03,45,32.34,111,40.59,6.26,-0.01,12,124,1.3,0.04,0.4,0.6,'B',45.539,-111.6765,447184.708,5043051.119,-4760
165,870821,1145,57.3,45,33.11,111,41.67,4.56,-1.01,12,65,0.7,0.06,0.4,0.8,'A',45.55183333,-111.6945,445791.7353,5044488.875,-3060
166,870821,1147,22.25,45,32.9,111,41.25,5.48,-1.84,11,77,0.2,0.04,0.4,0.8,'A',45.54833333,-111.6875,446334.7892,5044095.328,-3980
167,870821,1147,47.08,45,32.67,111,40.99,4.91,-1.74,12,93,0.5,0.04,0.3,0.6,'B',45.5445,-111.6831667,446669.421,5043666.565,-3410
168,870821,1150,13.06,45,33.29,111,41.63,5.57,-1.52,12,65,1,0.03,0.2,0.5,'A',45.55483333,-111.6938333,445846.656,5044821.718,-4070
169,870821,1151,24.88,45,32.74,111,41.34,4.82,-1.15,12,79,0.2,0.04,0.3,0.6,'A',45.54566667,-111.689,446215.1563,5043800.071,-3320
170,870821,1154,27.56,45,33.07,111,41.24,4.68,-1.33,12,71,0.5,0.04,0.3,0.7,'A',45.55116667,-111.6873333,446350.4976,5044409.994,-3180
171,870821,1159,29.7,45,33.08,111,40.97,3.51,-1.7,10,79,0.6,0.04,0.3,0.7,'A',45.55133333,-111.6828333,446701.9066,5044425.511,-2010
172,870821,1213,46.19,45,33.16,111,41.11,4.99,0.15,11,70,0.7,0.03,0.3,0.6,'A',45.55266667,-111.6851667,446521.0362,5044575.195,-3490
173,870821,1225,5.22,45,31.55,111,40.78,3.94,-0.21,12,146,0.7,0.06,0.6,0.9,'B',45.52583333,-111.6796667,446925.0912,5041590.422,-2440
174,870821,1227,40.44,45,32.92,111,41.15,5.16,-1.77,11,79,0.3,0.03,0.3,0.6,'A',45.54866667,-111.6858333,446465.208,5044131.248,-3660
175,870821,1235,19.17,45,32.94,111,41.21,5.79,-1.5,12,76,0.2,0.03,0.3,0.5,'A',45.549,-111.6868333,446387.4655,5044168.948,-4290
176,870821,1246,4.88,45,32.9,111,41.54,3.96,-1.41,12,64,0.4,0.05,0.3,0.6,'A',45.54833333,-111.6923333,445957.5027,5044098.571,-2460
177,870821,1250,33.84,45,32.25,111,40.57,6.16,-1.05,11,128,1.4,0.04,0.5,0.8,'B',45.5375,-111.6761667,447209.326,5042884.253,-4660
178,870821,1253,16.24,45,33.29,111,41.55,4.28,-1.36,10,116,0.9,0.05,0.5,0.8,'B',45.55483333,-111.6925,445950.7212,5044820.82,-2780
179,870821,1258,14.25,45,33.04,111,41.04,6.14,-0.84,12,77,0.5,0.03,0.3,0.6,'A',45.55066667,-111.684,446610.2079,5044352.222,-4640
180,870821,1317,18.36,45,32.12,111,40.87,6.44,-1.23,12,111,1.4,0.02,0.2,0.4,'B',45.53533333,-111.6811667,446816.9094,5042646.841,-4940
181,870821,1317,58.62,45,32.83,111,40.91,5.54,-0.24,12,90,0.5,0.02,0.2,0.4,'A',45.54716667,-111.6818333,446776.0297,5043961.941,-4040
182,870821,1329,7.44,45,32.99,111,41.03,4.92,1.49,11,79,0.5,0.03,0.2,0.5,'A',45.54983333,-111.6838333,446622.4311,5044259.529,-3420
183,870821,1331,13.3,45,32.81,111,41.02,6.01,-0.18,12,87,0.3,0.03,0.3,0.5,'A',45.54683333,-111.6836667,446632.5964,5043926.125,-4510
184,870821,1331,20.49,45,32.58,111,40.81,4.73,0.2,11,104,0.8,0.03,0.3,0.5,'B',45.543,-111.6801667,446902.2042,5043497.929,-3230
185,870821,1333,9.75,45,32.39,111,40.7,5.54,0.31,12,116,1.1,0.02,0.2,0.3,'B',45.53983333,-111.6783333,447042.3596,5043144.908,-4040
186,870821,1334,4.79,45,32.84,111,41.09,5.14,-1.58,12,84,0.3,0.03,0.3,0.5,'A',45.54733333,-111.6848333,446542.0034,5043982.45,-3640
187,870821,1334,9.03,45,32.93,111,40.92,5.16,-1.56,10,85,0.5,0.03,0.3,0.6,'A',45.54883333,-111.682,446764.5903,5044147.214,-3660
188,870821,1334,21.41,45,32.56,111,40.47,6.18,0.35,9,122,1.2,0.04,0.7,1.5,'B',45.54266667,-111.6745,447344.2765,5043457.164,-4680
189,870821,1335,2.96,45,32.93,111,41.22,5.19,-0.18,11,77,0.2,0.03,0.3,0.7,'A',45.54883333,-111.687,446374.2946,5044150.542,-3690
190,870821,1340,14.46,45,32.28,111,40.62,6.25,-0.48,12,124,1.3,0.03,0.4,0.6,'B',45.538,-111.677,447144.7347,5042940.35,-4750
191,870821,1355,29.26,45,32.23,111,40.54,6.23,-0.45,12,130,1.5,0.04,0.4,0.7,'B',45.53716667,-111.6756667,447248.0517,5042846.892,-4730
192,870821,1411,0.08,45,33.03,111,41.57,4.32,-1.36,12,65,0.5,0.03,0.2,0.4,'A',45.5505,-111.6928333,445920.5507,5044339.62,-2820
193,870821,1417,14.11,45,33.35,111,41.6,5.86,-0.05,12,67,1.1,0.05,0.4,0.8,'A',45.55583333,-111.6933333,445886.6413,5044932.479,-4360
194,870821,1417,49.14,45,33.1,111,41.35,5.07,-0.91,12,68,0.5,0.03,0.2,0.4,'A',45.55166667,-111.6891667,446207.8669,5044466.771,-3570
195,870821,1422,13.74,45,33,111,41.27,4.93,-1.46,11,73,0.3,0.03,0.2,0.5,'A',45.55,-111.6878333,446310.3588,5044280.714,-3430
196,870821,1429,49.55,45,33.14,111,41.65,4.71,-1.65,11,63,0.8,0.04,0.3,0.6,'A',45.55233333,-111.6941667,445818.2315,5044544.198,-3210
197,870821,1431,28.41,45,32.87,111,41.17,6.07,-0.34,12,80,0.2,0.04,0.3,0.7,'A',45.54783333,-111.6861667,446438.3915,5044038.888,-4570
198,870821,1440,2.67,45,32.94,111,41.31,4.7,-1.34,11,74,0.2,0.03,0.2,0.5,'A',45.549,-111.6885,446257.3648,5044170.062,-3200
199,870821,1444,52.36,45,32.77,111,41.38,3.25,-1.82,10,77,0.2,0.04,0.2,0.5,'A',45.54616667,-111.6896667,446163.5887,5043856.067,-1750
200,870821,1450,8.96,45,32.9,111,41.2,5.64,-1.59,12,78,0.2,0.04,0.4,0.7,'A',45.54833333,-111.6866667,446399.8365,5044094.771,-4140
201,870821,1510,46.54,45,33.55,111,41.58,4.99,-0.81,11,73,1.4,0.02,0.2,0.5,'A',45.55916667,-111.693,445915.8532,5045302.582,-3490
202,870821,1513,21.66,45,32.58,111,40.81,4.82,1.1,11,104,0.8,0.02,0.2,0.4,'B',45.543,-111.6801667,446902.2042,5043497.929,-3320
203,870821,1521,50.68,45,32.77,111,41.01,4.79,0.23,11,88,0.4,0.04,0.4,0.8,'A',45.54616667,-111.6835,446644.9787,5043851.949,-3290
204,870821,1523,12.49,45,32.65,111,40.79,4.92,-0.86,11,102,0.7,0.02,0.2,0.4,'B',45.54416667,-111.6798333,446929.3296,5043627.323,-3420
205,870821,1546,36.31,45,32.43,111,40.74,5.51,-1.39,12,112,1,0.03,0.2,0.4,'B',45.5405,-111.679,446990.9358,5043219.413,-4010
206,870821,1550,1.89,45,32.69,111,40.87,4.92,-1.11,11,97,0.6,0.03,0.3,0.5,'B',45.54483333,-111.6811667,446825.8655,5043702.27,-3420
207,870821,1550,44.44,45,31.43,111,40.84,3.87,-0.02,10,171,0.7,0.03,0.5,0.7,'B',45.52383333,-111.6806667,446845.1166,5041368.889,-2370
208,870821,1551,14.45,45,33.5,111,41.92,5.43,-0.91,12,70,1.1,0.04,0.3,0.7,'A',45.55833333,-111.6986667,445472.7906,5045213.835,-3930
209,870821,1552,27.22,45,32.93,111,41.31,4.89,-0.77,12,74,0.2,0.03,0.2,0.5,'A',45.54883333,-111.6885,446257.2059,5044151.546,-3390
210,870821,1552,59.34,45,32.97,111,41.44,4.82,-0.83,12,61,0.3,0.03,0.2,0.4,'A',45.5495,-111.6906667,446088.7126,5044227.064,-3320
211,870821,1621,52.64,45,32.53,111,40.94,4.61,-1.05,11,100,0.7,0.04,0.4,0.7,'B',45.54216667,-111.6823333,446732.2768,5043406.783,-3110
212,870821,1648,6.04,45,32.45,111,40.63,4.8,-0.15,10,118,1.1,0.03,0.3,0.6,'B',45.54083333,-111.6771667,447134.3752,5043255.237,-3300
213,870821,1735,0.73,45,31.7,111,40.62,4.19,0.15,10,125,0.9,0.04,0.5,0.7,'B',45.52833333,-111.677,447135.6783,5041866.406,-2690
214,870821,1747,49.41,45,32.98,111,41.21,4.77,-0.73,10,75,0.3,0.02,0.2,0.4,'A',45.54966667,-111.6868333,446388.0994,5044243.013,-3270
215,870821,1748,2.69,45,32.08,111,40.42,5.66,1.74,10,142,1.5,0.04,0.6,1,'B',45.53466667,-111.6736667,447401.8715,5042567.836,-4160
216,870821,1748,37.91,45,32.82,111,40.65,5.04,-0.33,8,155,0.8,0.04,0.6,0.9,'B',45.547,-111.6775,447114.1371,5043940.559,-3540
217,870821,1749,22.72,45,32.13,111,40.42,6.12,-1.53,11,141,1.6,0.05,0.6,1,'B',45.5355,-111.6736667,447402.6484,5042660.417,-4620
218,870821,1749,53.34,45,32.66,111,40.8,5.37,-1.47,12,101,0.7,0.02,0.2,0.4,'B',45.54433333,-111.68,446916.473,5043645.949,-3870
219,870821,1810,17.1,45,32.42,111,40.71,5.62,-1.5,12,115,1.1,0.03,0.3,0.6,'B',45.54033333,-111.6785,447029.8146,5043200.567,-4120
220,870821,1828,7.09,45,33.15,111,41.35,4.63,0.32,10,70,0.6,0.02,0.2,0.4,'A',45.5525,-111.6891667,446208.6619,5044559.352,-3130
221,870821,1830,38.73,45,33.31,111,41.6,4.39,0.71,11,66,1,0.02,0.1,0.3,'A',45.55516667,-111.6933333,445886.0014,5044858.415,-2890
222,870821,1831,5.61,45,33.38,111,41.62,4.25,0.73,11,68,1.1,0.02,0.2,0.4,'A',45.55633333,-111.6936667,445861.0998,5044988.253,-2750
223,870821,1834,16.46,45,33.42,111,41.88,4.84,-1.29,12,68,1.1,0.05,0.4,0.8,'A',45.557,-111.698,445523.5354,5045065.251,-3340
224,870821,1837,8.15,45,33.44,111,41.9,4.67,-1.03,11,69,1.1,0.04,0.3,0.7,'A',45.55733333,-111.6983333,445497.8443,5045102.51,-3170
225,870821,1843,24.73,45,32.9,111,41.32,5.06,-1.1,12,75,0.2,0.03,0.3,0.5,'A',45.54833333,-111.6886667,446243.7168,5044096.108,-3560
226,870821,1845,29.94,45,32.3,111,41.24,4.22,-0.82,11,114,1,0.05,0.4,0.8,'B',45.53833333,-111.6873333,446338.2884,5042984.238,-2720
227,870821,1845,58.45,45,32.33,111,40.55,5.6,-1.66,12,126,1.3,0.04,0.3,0.6,'B',45.53883333,-111.6758333,447236.6033,5043032.164,-4100
228,870821,1910,41.48,45,32.3,111,40.68,5.11,-1.25,11,120,1.3,0.03,0.3,0.5,'B',45.53833333,-111.678,447066.9734,5042978.041,-3610
229,870821,1911,36.59,45,32.09,111,40.87,5.73,-0.71,11,126,1.5,0.03,0.3,0.5,'B',45.53483333,-111.6811667,446816.4381,5042591.293,-4230
230,870821,1918,20.51,45,32.6,111,40.7,4.81,0.12,11,108,0.9,0.03,0.3,0.6,'B',45.54333333,-111.6783333,447045.6456,5043533.75,-3310
231,870821,1941,48.59,45,32.44,111,40.53,4.92,-1.03,10,124,1.2,0.03,0.4,0.8,'B',45.54066667,-111.6755,447264.339,5043235.625,-3420
232,870821,1950,26.91,45,32.45,111,40.85,4.88,-1.02,11,106,0.9,0.02,0.2,0.5,'B',45.54083333,-111.6808333,446848.1229,5043257.658,-3380
233,870821,1950,27.62,45,32.41,111,40.83,4.87,1.4,11,108,1,0.03,0.3,0.5,'B',45.54016667,-111.6805,446873.5159,5043183.373,-3370
234,870821,1959,55.05,45,32.14,111,40.67,6.51,-0.88,12,123,1.5,0.04,0.4,0.6,'B',45.53566667,-111.6778333,447077.4867,5042681.672,-5010
235,870821,2017,27.99,45,33.57,111,42.64,3.6,0.13,12,74,0.7,0.05,0.3,0.7,'A',45.5595,-111.7106667,444537.3868,5045351.673,-2100
236,870821,2030,47.8,45,32.92,111,41.4,4.83,-1.63,11,63,0.2,0.04,0.3,0.7,'A',45.54866667,-111.69,446139.9581,5044134.036,-3330
237,870821,2039,22.79,45,32.39,111,40.5,5.53,-1.05,12,128,1.3,0.03,0.3,0.5,'B',45.53983333,-111.675,447302.5957,5043142.714,-4030
238,870821,2041,55.29,45,32.41,111,40.42,5.51,-0.47,12,132,1.4,0.03,0.3,0.4,'B',45.54016667,-111.6736667,447406.9993,5043178.873,-4010
239,870821,2047,48.8,45,32.36,111,40.41,5.66,-1.72,12,135,1.4,0.03,0.3,0.5,'B',45.53933333,-111.6735,447419.237,5043086.182,-4160
240,870821,2058,35.93,45,33.69,111,42.55,3.37,-1.28,12,71,0.9,0.05,0.3,0.6,'A',45.5615,-111.7091667,444656.417,5045572.834,-1870
241,870821,2122,56.92,45,33,111,41.02,6.24,-1.75,12,79,0.5,0.05,0.4,0.8,'A',45.55,-111.6836667,446635.5932,5044277.935,-4740
242,870821,2128,51.06,45,33.28,111,41.62,4.59,-1.3,12,65,1,0.03,0.2,0.4,'A',45.55466667,-111.6936667,445859.4993,5044803.091,-3090
243,870821,2214,43.79,45,33.22,111,41.77,3.71,-1.3,12,63,1,0.03,0.2,0.3,'A',45.55366667,-111.6961667,445663.4079,5044693.682,-2210
244,870821,2221,54.62,45,33.65,111,42.65,3.05,-1.16,12,74,0.9,0.04,0.2,0.5,'A',45.56083333,-111.7108333,444525.6968,5045499.919,-1550
245,870821,2314,25.46,45,32.35,111,40.57,5.49,-1.73,12,124,1.3,0.04,0.4,0.6,'B',45.53916667,-111.6761667,447210.8857,5043069.416,-3990
246,870821,2345,15.88,45,32.76,111,40.86,5.86,-1.84,12,95,0.6,0.04,0.3,0.6,'B',45.546,-111.681,446839.9786,5043831.774,-4360
247,870821,2350,22,45,33.43,111,42.41,2.09,-1.58,11,67,0.5,0.03,0.2,0.4,'A',45.55716667,-111.7068333,444834.2787,5045089.803,-590
248,870822,47,49.55,45,33.7,111,41.32,5.66,-1.54,11,78,1,0.02,0.2,0.5,'A',45.56166667,-111.6886667,446256.4285,5045577.416,-4160
249,870822,59,47.93,45,32.34,111,40.66,6.22,-1.28,12,120,1.2,0.03,0.3,0.5,'B',45.539,-111.6776667,447093.6206,5043051.887,-4720
250,870822,125,31.19,45,32.72,111,40.64,6.14,-1.67,12,106,0.9,0.05,0.4,0.8,'B',45.54533333,-111.6773333,447125.5874,5043755.286,-4640
251,870822,154,17.07,45,32.93,111,41.29,4.97,-1.12,12,75,0.2,0.04,0.3,0.6,'A',45.54883333,-111.6881667,446283.223,5044151.322,-3470
252,870822,223,16.61,45,31.44,111,40.79,3.65,-1.67,10,192,0.6,0.03,0.3,0.5,'C',45.524,-111.6798333,446910.3567,5041386.854,-2150
253,870822,236,31.74,45,33.73,111,42.59,3.07,-1.56,10,72,1,0.03,0.2,0.4,'A',45.56216667,-111.7098333,444605.0497,5045647.36,-1570
254,870822,258,47.17,45,32.38,111,40.65,5.41,-1.71,11,119,1.2,0.02,0.2,0.4,'B',45.53966667,-111.6775,447107.2604,5043125.843,-3910
255,870822,314,4.51,45,32.38,111,41.13,6.05,-0.91,11,126,0.8,0.03,0.3,0.6,'B',45.53966667,-111.6855,446482.6859,5043131.145,-4550
256,870822,314,22.49,45,32.16,111,41.11,6.15,-1.46,11,134,1.3,0.02,0.3,0.4,'B',45.536,-111.6851667,446505.2303,5042723.565,-4650
257,870822,318,18.07,45,33.07,111,40.97,6.74,-1.85,8,101,0.6,0.01,0.2,0.3,'B',45.55116667,-111.6828333,446701.7491,5044406.996,-5240
258,870822,323,25.15,45,32.02,111,40.66,6.01,-0.66,11,125,1.4,0.02,0.2,0.4,'B',45.53366667,-111.6776667,447088.6188,5042459.367,-4510
259,870822,357,50.69,45,33.23,111,41.73,5.02,-0.22,11,106,0.9,0.03,0.2,0.5,'B',45.55383333,-111.6955,445715.6059,5044711.747,-3520
260,870822,433,8.12,45,32.2,111,40.55,5.33,-1.96,11,130,1.5,0.03,0.3,0.4,'B',45.53666667,-111.6758333,447234.5767,5042791.453,-3830
261,870822,647,25.41,45,33.02,111,41.54,5.29,-1.65,10,115,0.5,0.03,0.3,0.8,'B',45.55033333,-111.6923333,445959.4194,5044320.766,-3790
262,870822,721,34.87,45,31.81,111,40.56,6.04,-0.88,11,133,1,0.02,0.3,0.4,'B',45.53016667,-111.676,447215.4808,5042069.428,-4540
263,870822,813,14.72,45,32.13,111,40.58,6.32,-1.26,11,130,1.6,0.03,0.3,0.5,'B',45.5355,-111.6763333,447194.4467,5042662.167,-4820
264,870822,917,13.34,45,32.53,111,40.72,4.69,-0.1,10,110,0.9,0.02,0.2,0.4,'B',45.54216667,-111.6786667,447018.5223,5043404.357,-3190
265,870822,918,39.29,45,32.51,111,40.7,4.76,-0.1,10,112,1,0.02,0.2,0.3,'B',45.54183333,-111.6783333,447044.2373,5043367.103,-3260
266,870822,936,3.83,45,31.96,111,40.8,5.97,-1.75,11,130,1.4,0.02,0.2,0.4,'B',45.53266667,-111.68,446905.4934,5042349.809,-4470
267,870822,937,57.3,45,32.7,111,40.84,4.92,-1.14,10,107,0.6,0.02,0.2,0.3,'B',45.545,-111.6806667,446865.0549,5043720.455,-3420
268,870822,1026,45.72,45,31.88,111,39.9,6.74,-1.67,11,188,1.3,0.05,0.7,1,'C',45.53133333,-111.665,448075.489,5042191.868,-5240
269,870822,1046,19.7,45,33.35,111,41.52,4.91,-1.2,11,93,1,0.02,0.1,0.3,'B',45.55583333,-111.692,445990.7046,5044931.581,-3410
270,870822,1126,56.49,45,31.84,111,40.45,4.77,-0.59,11,144,1,0.02,0.2,0.3,'B',45.53066667,-111.6741667,447359.1004,5042123.773,-3270
271,870822,1127,45.82,45,32.33,111,40.57,5.08,-1.43,10,125,1.3,0.02,0.2,0.4,'B',45.53883333,-111.6761667,447210.5737,5043032.383,-3580
272,870822,1153,9.71,45,33.38,111,41.59,4.36,-1.52,11,95,1.1,0.02,0.1,0.2,'B',45.55633333,-111.6931667,445900.1241,5044987.916,-2860
273,870822,1245,45.46,45,31.87,111,40.5,4.79,-1.39,11,139,1.1,0.02,0.2,0.3,'B',45.53116667,-111.675,447294.4998,5042179.868,-3290
274,870822,1253,47.16,45,32.41,111,40.87,5.38,-1.42,11,116,0.9,0.02,0.2,0.4,'B',45.54016667,-111.6811667,446821.4658,5043183.814,-3880
275,870822,1422,9.58,45,32.58,111,40.73,4.8,2.06,10,107,0.8,0.02,0.2,0.4,'B',45.543,-111.6788333,447006.299,5043497.048,-3300
276,870822,1426,48.39,45,32.64,111,40.96,5.04,-1.19,11,113,0.5,0.04,0.3,0.6,'B',45.544,-111.6826667,446707.9811,5043610.683,-3540
277,870822,1429,0.18,45,32.63,111,40.8,4.88,2.26,10,108,0.7,0.02,0.2,0.4,'B',45.54383333,-111.68,446916.0024,5043590.4,-3380
278,870822,1515,32.68,45,32.57,111,40.79,4.74,-1.37,9,109,0.8,0.01,0.1,0.2,'B',45.54283333,-111.6798333,446928.075,5043479.192,-3240
279,870822,1518,41.51,45,32.35,111,40.79,5.93,-1.03,11,115,1.1,0.02,0.2,0.4,'B',45.53916667,-111.6798333,446924.625,5043071.834,-4430
280,870822,1531,25.55,45,33.16,111,41.14,6.88,-1.44,11,70,0.7,0.02,0.2,0.4,'A',45.55266667,-111.6856667,446482.0093,5044575.528,-5380
281,870822,1539,49.07,45,32.47,111,40.6,5.82,-0.46,11,118,1.1,0.02,0.2,0.4,'B',45.54116667,-111.6766667,447173.7224,5043291.941,-4320
282,870822,1547,35.35,45,32.21,111,40.66,6.28,-1.63,11,123,1.4,0.03,0.3,0.5,'B',45.53683333,-111.6776667,447091.5885,5042811.175,-4780
283,870822,1551,2.79,45,32.27,111,40.99,6.35,-1.21,10,125,1.1,0.02,0.3,0.5,'B',45.53783333,-111.6831667,446663.1174,5042925.912,-4850
284,870822,1614,53.45,45,32.55,111,40.69,5.42,-0.08,11,110,0.9,0.02,0.2,0.4,'B',45.5425,-111.6781667,447057.8693,5043441.059,-3920
285,870822,1711,24.28,45,32.49,111,40.82,6.13,-1.3,10,121,0.9,0.02,0.3,0.5,'B',45.5415,-111.6803333,446887.7858,5043331.392,-4630
286,870822,1715,31.33,45,33.7,111,42.89,4.15,-1.01,10,124,1,0.04,0.4,0.6,'B',45.56166667,-111.7148333,444214.3515,5045595.275,-2650
287,870822,1716,38.02,45,33.65,111,41.09,6.73,-1.06,10,75,0.9,0.02,0.2,0.4,'A',45.56083333,-111.6848333,446554.8021,5045482.273,-5230
288,870822,1724,10.29,45,32.3,111,40.95,6.93,-1.1,10,134,1.1,0.03,0.3,0.5,'B',45.53833333,-111.6825,446715.6419,5042981.019,-5430
289,870822,1724,22.06,45,33.56,111,41.16,8.18,-0.51,9,73,1.1,0.02,0.3,1,'A',45.55933333,-111.686,446462.3253,5045316.404,-6680
290,870822,1724,40.97,45,32.35,111,40.91,5.64,-1.52,9,130,1,0.02,0.3,0.5,'B',45.53916667,-111.6818333,446768.48,5043073.158,-4140
291,870822,1724,51.07,45,32.27,111,40.63,5.54,-0.93,10,123,1.3,0.03,0.3,0.5,'B',45.53783333,-111.6771667,447131.5636,5042921.943,-4040
292,870822,1724,59.28,45,32.18,111,41.21,6.89,-1.67,10,151,1.2,0.02,0.2,0.3,'B',45.53633333,-111.6868333,446375.4242,5042761.709,-5390
293,870822,1725,38.66,45,32.62,111,40.67,4.78,1.99,9,111,0.9,0.02,0.2,0.5,'B',45.54366667,-111.6778333,447084.9917,5043570.454,-3280
294,870822,1734,2.49,45,32.56,111,40.68,5.45,-0.86,10,113,0.9,0.02,0.2,0.5,'B',45.54266667,-111.678,447071.0397,5043459.466,-3950
295,870822,1752,55.74,45,32.45,111,40.89,5.44,-1.19,11,125,0.9,0.02,0.2,0.3,'B',45.54083333,-111.6815,446796.0735,5043258.1,-3940
296,870822,1828,28.24,45,32.35,111,40.76,5.67,-1.18,10,137,1.1,0.02,0.2,0.4,'B',45.53916667,-111.6793333,446963.6612,5043071.503,-4170
297,870822,1841,21.47,45,32.16,111,40.8,5.94,-1.21,11,145,1.4,0.03,0.3,0.6,'B',45.536,-111.68,446908.6302,5042720.135,-4440
298,870822,1843,16.8,45,32.45,111,41.1,2.87,-1.46,9,148,0.7,0.04,0.4,0.7,'B',45.54083333,-111.685,446522.8278,5043260.425,-1370
299,870822,1852,8.84,45,32.35,111,40.68,5.44,-1.43,10,131,1.2,0.03,0.3,0.6,'B',45.53916667,-111.678,447067.7553,5043070.624,-3940
300,870822,1923,1.5,45,33.45,111,41.48,5.54,-1.71,10,87,1.2,0.02,0.2,0.4,'A',45.5575,-111.6913333,446044.3353,5045116.296,-4040
301,870822,1956,49.87,45,33.01,111,40.55,6.37,-1.3,11,91,1,0.02,0.2,0.4,'B',45.55016667,-111.6758333,447247.2049,5044291.273,-4870
302,870822,2012,44.09,45,32.33,111,40.63,6.73,-1.67,11,122,1.2,0.03,0.3,0.5,'B',45.53883333,-111.6771667,447132.5007,5043033.041,-5230
303,870822,2023,47.52,45,32.73,111,41.6,4.64,-1.01,11,89,0.4,0.05,0.5,1,'A',45.5455,-111.6933333,445876.7237,5043784.468,-3140
304,870822,2054,3.36,45,32.43,111,40.12,6.13,-0.83,11,149,1.5,0.05,0.6,1,'B',45.5405,-111.6686667,447797.6634,5043212.641,-4630
305,870822,2134,40.98,45,32.39,111,40.5,6.12,-1.11,12,128,1.3,0.03,0.4,0.6,'B',45.53983333,-111.675,447302.5957,5043142.714,-4620
306,870822,2153,30.25,45,32.27,111,40.47,6.71,-1.54,12,134,1.5,0.04,0.5,0.8,'B',45.53783333,-111.6745,447339.7645,5042920.191,-5210
307,870822,2158,10.28,45,32.56,111,40.27,4.48,-1.69,11,135,1.4,0.02,0.2,0.4,'B',45.54266667,-111.6711667,447604.4995,5043454.982,-2980
308,870822,2212,24.48,45,32.28,111,40.58,5.82,-1.12,11,126,1.4,0.03,0.4,0.6,'B',45.538,-111.6763333,447196.7867,5042939.911,-4320
309,870822,2249,56.12,45,32.17,111,40.24,5.67,-1.59,12,150,1.7,0.04,0.4,0.7,'B',45.53616667,-111.6706667,447637.5,5042732.521,-4170
310,870822,2331,24.62,45,32.31,111,39.37,2.49,0.39,11,193,1.4,0.02,0.2,0.3,'C',45.5385,-111.6561667,448771.7306,5042982.393,-990
311,870822,2334,53.93,45,32.19,111,40.37,6.29,-1.93,12,141,1.7,0.04,0.4,0.7,'B',45.5365,-111.6728333,447468.6494,5042770.969,-4790
312,870823,10,1.1,45,31.64,111,40.1,6.8,-1.84,13,181,0.7,0.03,0.3,0.3,'C',45.52733333,-111.6683333,447811.5145,5041749.639,-5300
313,870823,27,2.29,45,33.16,111,42.25,5.06,-1.73,15,90,0.7,0.08,0.5,0.6,'A',45.55266667,-111.7041667,445038.0136,5044588.032,-3560
314,870823,29,17.11,45,31.49,111,40.4,5.12,-0.5,15,143,0.4,0.05,0.3,0.5,'B',45.52483333,-111.6733333,447418.7409,5041475.158,-3620
315,870823,42,49.65,45,33.03,111,41.19,4.54,-1.8,10,74,0.4,0.02,0.2,0.6,'A',45.5505,-111.6865,446414.908,5044335.372,-3040
316,870823,46,31.6,45,32.26,111,40.34,5.13,0.34,13,142,1.6,0.03,0.3,0.3,'B',45.53766667,-111.6723333,447508.7731,5042900.256,-3630
317,870823,120,26.66,45,31.75,111,40.32,4.41,-0.75,13,152,0.9,0.03,0.3,0.4,'B',45.52916667,-111.672,447526.8908,5041955.708,-2910
318,870823,123,25.93,45,33.92,111,41.48,4.07,-1.05,12,86,1,0.04,0.3,0.4,'A',45.56533333,-111.6913333,446051.8332,5045986.565,-2570
319,870823,125,48.82,45,31.66,111,39.96,5.78,-1.32,14,192,0.9,0.03,0.3,0.3,'C',45.52766667,-111.666,447994.0265,5041785.158,-4280
320,870823,135,14.43,45,33,111,40.09,6.97,-1.26,16,106,0.9,0.03,0.2,0.2,'B',45.55,-111.6681667,447845.4847,5044267.746,-5470
321,870823,218,9.55,45,31.37,111,40.27,4.3,-1.35,15,186,0.2,0.05,0.4,0.4,'C',45.52283333,-111.6711667,447586.0785,5041251.546,-2800
322,870823,242,51.26,45,32.38,111,41,4.3,-1.27,12,100,0.9,0.05,0.4,0.6,'B',45.53966667,-111.6833333,446651.8441,5043129.703,-2800
323,870823,418,26.89,45,32.43,111,40.35,4.77,-1.22,11,136,1.4,0.02,0.2,0.5,'B',45.5405,-111.6725,447498.3951,5043215.141,-3270
324,870823,419,0.33,45,32.71,111,40.54,4.37,-1.46,11,110,1,0.02,0.2,0.4,'B',45.54516667,-111.6756667,447255.5329,5043735.674,-2870
325,870823,420,19.12,45,33.36,111,40.91,6.43,-1.85,11,64,1.1,0.01,0.1,0.4,'A',45.556,-111.6818333,446784.3671,5044943.306,-4930
326,870823,425,13.36,45,32.74,111,40.52,3.85,-0.62,11,110,1,0.02,0.2,0.4,'B',45.54566667,-111.6753333,447282.0269,5043791.004,-2350
327,870823,426,1.7,45,32.21,111,40.12,5.79,-0.8,12,155,1.8,0.02,0.2,0.3,'B',45.53683333,-111.6686667,447794.2702,5042805.283,-4290
328,870823,520,4.35,45,32.48,111,40.12,6.08,-1.25,12,148,1.4,0.04,0.4,0.6,'B',45.54133333,-111.6686667,447798.4347,5043305.222,-4580
329,870823,529,47.56,45,32.42,111,40.38,5.93,-1.62,11,134,1.4,0.03,0.3,0.6,'B',45.54033333,-111.673,447459.2046,5043196.952,-4430
330,870823,548,47.39,45,32.36,111,40.54,5.92,0.35,12,126,1.3,0.03,0.3,0.5,'B',45.53933333,-111.6756667,447250.0778,5043087.603,-4420
331,870823,552,41.56,45,32.53,111,40.47,5.31,-1.27,11,124,1.2,0.01,0.2,0.3,'B',45.54216667,-111.6745,447343.8097,5043401.615,-3810
332,870823,553,19.84,45,32.34,111,40.15,5.81,-1.25,12,150,1.7,0.03,0.3,0.3,'B',45.539,-111.6691667,447757.2389,5043046.32,-4310
333,870823,559,49.12,45,33.52,111,42.46,2.61,-0.43,11,110,0.8,0.02,0.2,0.4,'B',45.55866667,-111.7076667,444770.7034,5045257.023,-1110
334,870823,648,25.86,45,32.41,111,40.19,5.94,-0.74,13,147,1.6,0.03,0.3,0.4,'B',45.54016667,-111.6698333,447706.2772,5043176.368,-4440
335,870823,659,20.65,45,33.2,111,42.41,6.63,-1.41,10,88,0.5,0.01,0.2,0.4,'A',45.55333333,-111.7068333,444830.5276,5044663.926,-5130
336,870823,717,10.63,45,32.26,111,40.33,5.52,-0.17,12,142,1.6,0.04,0.4,0.7,'B',45.53766667,-111.6721667,447521.7803,5042900.147,-4020
337,870823,741,20.89,45,32.58,111,40.43,4.49,-0.33,11,124,1.2,0.02,0.2,0.4,'B',45.543,-111.6738333,447396.6351,5043493.759,-2990
338,870823,748,8.59,45,31.7,111,38.72,3.81,-0.51,14,241,2.3,0.06,0.5,0.6,'C',45.52833333,-111.6453333,449608.4521,5041846.043,-2310
339,870823,919,27.36,45,31.87,111,41.1,4.21,-1.69,14,123,1.5,0.04,0.3,0.3,'B',45.53116667,-111.685,446513.664,5042186.482,-2710
340,870823,948,32.46,45,33.22,111,41.32,5.07,-1.38,13,65,0.8,0.05,0.4,0.6,'A',45.55366667,-111.6886667,446248.8012,5044688.631,-3570
341,870823,951,35.38,45,31.99,111,40.58,6.09,-1.54,13,130,1.3,0.03,0.2,0.3,'B',45.53316667,-111.6763333,447192.2628,5042402.94,-4590
342,870823,958,58.84,45,31.45,111,41.59,5,-1.5,11,194,1.2,0.06,0.8,0.9,'C',45.52416667,-111.6931667,445869.2647,5041414.273,-3500
343,870823,1158,25.28,45,32.35,111,40.11,5.73,-0.79,14,152,1.6,0.03,0.3,0.2,'B',45.53916667,-111.6685,447809.4442,5043064.403,-4230
344,870823,1227,10.53,45,33.02,111,40.56,6.87,-1.44,14,90,1,0.03,0.3,0.2,'A',45.55033333,-111.676,447234.3487,5044309.898,-5370
345,870823,1340,3.38,45,32.35,111,40.19,5.89,-1.26,15,148,1.7,0.02,0.2,0.1,'B',45.53916667,-111.6698333,447705.3501,5043065.271,-4390
346,870823,1351,2.85,45,32.26,111,40.06,5.76,-1.31,15,158,1.7,0.02,0.2,0.2,'B',45.53766667,-111.6676667,447873.116,5042897.215,-4260
347,870823,1510,52.09,45,32.36,111,40.35,6.65,-1.21,14,139,1.5,0.04,0.3,0.3,'B',45.53933333,-111.6725,447497.3093,5043085.527,-5150
348,870823,1524,8.64,45,33.72,111,41.1,6.63,-1.64,12,97,0.8,0.02,0.2,0.2,'B',45.562,-111.685,446542.8989,5045611.999,-5130
349,870823,1531,53.5,45,32.29,111,40.26,6.06,-1.54,13,146,1.7,0.04,0.4,0.4,'B',45.53816667,-111.671,447613.3343,5042954.934,-4560
350,870823,1538,8.39,45,32.87,111,41.08,5.72,-1,13,83,0.3,0.03,0.3,0.4,'A',45.54783333,-111.6846667,446555.4823,5044037.888,-4220
351,870823,1541,40.8,45,33.24,111,41.51,4.64,-1.75,13,64,0.8,0.06,0.4,0.6,'A',45.554,-111.6918333,446001.9596,5044727.789,-3140
352,870823,1614,57.55,45,32.62,111,40.34,4.23,0.84,11,126,1.3,0.02,0.2,0.4,'B',45.54366667,-111.6723333,447514.3563,5043566.842,-2730
353,870823,1616,9.5,45,32.42,111,40.19,4.68,-1.3,11,147,1.6,0.03,0.3,0.7,'B',45.54033333,-111.6698333,447706.4317,5043194.884,-3180
354,870823,1620,19.8,45,32.32,111,40.27,5.63,0.24,12,145,1.6,0.03,0.3,0.5,'B',45.53866667,-111.6711667,447600.7838,5043010.591,-4130
355,870823,1621,47.6,45,32.64,111,40.38,4.34,0.81,11,123,1.2,0.02,0.2,0.4,'B',45.544,-111.673,447462.62,5043604.311,-2840
356,870823,1628,3.51,45,32.62,111,40.62,4.39,0.45,8,111,0.9,0.01,0.1,0.4,'B',45.54366667,-111.677,447150.0443,5043569.905,-2890
357,870823,1629,1.58,45,32.58,111,40.62,2.95,-2.06,11,113,1,0.04,0.3,0.7,'B',45.543,-111.677,447149.4197,5043495.839,-1450
358,870823,1639,29.24,45,32.24,111,40.01,5.57,-1.06,12,161,1.7,0.03,0.3,0.4,'B',45.53733333,-111.6668333,447937.8757,5042859.641,-4070
359,870823,1640,7.34,45,32.35,111,40.2,5.18,-1.73,12,148,1.7,0.02,0.2,0.2,'B',45.53916667,-111.67,447692.3354,5043065.379,-3680
360,870823,1649,40.3,45,32.64,111,40.54,4.78,-0.65,11,114,1,0.04,0.4,0.8,'B',45.544,-111.6756667,447254.4419,5043606.06,-3280
361,870823,1654,1.22,45,32.06,111,40.41,6.84,-1.57,11,141,1.5,0.04,0.6,0.8,'B',45.53433333,-111.6735,447414.5766,5042530.693,-5340
362,870823,1654,37.58,45,32.42,111,40.38,4.48,-0.62,10,135,1.4,0.03,0.4,0.7,'B',45.54033333,-111.673,447459.2046,5043196.952,-2980
363,870823,1655,31.57,45,32.62,111,40.35,3.72,0.62,11,126,1.3,0.02,0.2,0.4,'B',45.54366667,-111.6725,447501.3426,5043566.951,-2220
364,870823,1655,56.32,45,32.32,111,40.14,5.87,-1.57,12,152,1.7,0.03,0.3,0.6,'B',45.53866667,-111.669,447769.945,5043009.179,-4370
365,870823,1656,16.16,45,32.65,111,40.32,3.82,0.5,11,126,1.3,0.03,0.3,0.5,'B',45.54416667,-111.672,447540.8408,5043622.173,-2320
366,870823,1657,15.03,45,31.79,111,39.95,7.99,-1.92,11,183,1.1,0.06,0.9,1.6,'C',45.52983333,-111.6658333,448009.0401,5042025.761,-6490
367,870823,1659,34.3,45,32.61,111,40.44,4.82,-1.5,10,121,1.6,0.02,0.2,0.5,'B',45.5435,-111.674,447384.0877,5043549.417,-3320
368,870823,1659,57.33,45,32.46,111,40.19,4.82,-0.64,11,145,1.5,0.02,0.3,0.5,'B',45.541,-111.6698333,447707.0497,5043268.95,-3320
369,870823,1726,40.94,45,32.23,111,42.05,1.53,-0.6,12,124,1.1,0.06,0.4,0.7,'B',45.53716667,-111.7008333,445283.1624,5042863.738,-30
370,870823,1739,44.82,45,33.13,111,40.46,6.5,-1.27,12,84,1.2,0.03,0.3,0.3,'A',45.55216667,-111.6743333,447366.1578,5044512.484,-5000
371,870823,1838,8.56,45,32.59,111,40.57,6.23,-1.16,11,115,1,0.03,0.4,1.1,'B',45.54316667,-111.6761667,447214.629,5043513.807,-4730
372,870823,1856,23.83,45,32.06,111,40.75,4.48,-0.61,13,118,1.5,0.05,0.4,0.5,'B',45.53433333,-111.6791667,446972.1251,5042534.421,-2980
373,870823,1921,29.4,45,32.23,111,40.36,5.83,0.18,12,141,1.6,0.04,0.4,0.7,'B',45.53716667,-111.6726667,447482.2776,5042844.925,-4330
374,870823,1935,52.16,45,32.69,111,40.42,4.03,-0.68,11,118,1.2,0.02,0.2,0.4,'B',45.54483333,-111.6736667,447411.3505,5043697.329,-2530
375,870823,1935,59.44,45,32.65,111,40.45,3.68,-1.19,10,118,1.1,0.03,0.3,0.6,'B',45.54416667,-111.6741667,447371.6961,5043623.592,-2180
376,870823,1937,20.75,45,32.75,111,40.8,3.81,-0.91,10,112,0.7,0.02,0.2,0.3,'B',45.54583333,-111.68,446917.8848,5043812.595,-2310
377,870823,1943,55.05,45,34.13,111,42.89,6.66,-0.71,13,143,1.3,0.05,0.5,0.5,'B',45.56883333,-111.7148333,444221.445,5046391.478,-5160
378,870823,2040,38.45,45,33.08,111,41.51,5.07,-1.34,13,72,0.6,0.05,0.4,0.6,'A',45.55133333,-111.6918333,445999.4056,5044431.528,-3570
379,870823,2049,7.84,45,32.67,111,40.58,3.93,2.55,11,111,1,0.02,0.2,0.4,'B',45.5445,-111.6763333,447202.8712,5043662.047,-2430
380,870823,2055,45.65,45,32.63,111,40.34,3.76,-1.38,11,126,1.3,0.02,0.2,0.4,'B',45.54383333,-111.6723333,447514.5114,5043585.358,-2260
381,870823,2055,53.02,45,32.6,111,40.24,4.12,-1.74,11,134,1.4,0.02,0.2,0.4,'B',45.54333333,-111.6706667,447644.1521,5043528.72,-2620
382,870823,2058,22.06,45,32.5,111,40.38,3.81,-1.8,10,131,1.3,0.02,0.2,0.5,'B',45.54166667,-111.673,447460.4465,5043345.083,-2310
383,870823,2112,15.2,45,32.47,111,40.27,4.7,-1.35,11,139,1.5,0.02,0.3,0.5,'B',45.54116667,-111.6711667,447603.1061,5043288.336,-3200
384,870823,2116,7.81,45,32.36,111,40.32,4.61,-1.41,11,141,1.5,0.02,0.3,0.5,'B',45.53933333,-111.672,447536.3454,5043085.2,-3110
385,870823,2134,58.07,45,32.53,111,40.36,4.39,-1.45,11,130,1.3,0.02,0.2,0.4,'B',45.54216667,-111.6726667,447486.9324,5043400.414,-2890
386,870823,2137,18.95,45,32.35,111,40.23,4.58,-1.54,11,146,1.6,0.04,0.5,1,'B',45.53916667,-111.6705,447653.2992,5043065.705,-3080
387,870823,2141,1.48,45,32.99,111,40.64,3.33,-1.77,10,89,0.9,0.03,0.2,0.5,'A',45.54983333,-111.6773333,447129.8064,5044255.227,-1830
388,870823,2149,36.32,45,32.72,111,40.39,3.88,-1.03,11,117,1.2,0.02,0.1,0.3,'B',45.54533333,-111.6731667,447450.8487,5043752.55,-2380
389,870823,2152,41.33,45,32.63,111,40.42,4.08,0.13,11,121,1.2,0.02,0.2,0.4,'B',45.54383333,-111.6736667,447410.4181,5043586.231,-2580
390,870823,2218,36.32,45,32.24,111,40.23,6.29,-1.29,12,149,1.8,0.04,0.5,0.7,'B',45.53733333,-111.6705,447651.5979,5042862.025,-4790
391,870823,2224,40.8,45,32.28,111,40.54,5.8,-0.79,12,129,1.4,0.03,0.3,0.5,'B',45.538,-111.6756667,447248.831,5042939.473,-4300
392,870823,2225,8.55,45,34.21,111,41.58,4.25,-1.17,11,100,1.1,0.02,0.1,0.3,'B',45.57016667,-111.693,445926.4081,5046524.662,-2750
393,870823,2232,30.65,45,32.36,111,40.35,4.64,-1.16,11,138,1.5,0.03,0.3,0.6,'B',45.53933333,-111.6725,447497.3093,5043085.527,-3140
394,870823,2310,14.6,45,32.35,111,40.46,5.87,-0.83,12,132,1.4,0.04,0.4,0.8,'B',45.53916667,-111.6743333,447354.0238,5043068.212,-4370
395,870823,2311,54.88,45,32.6,111,40.26,3.78,-1.56,11,132,1.4,0.02,0.2,0.4,'B',45.54333333,-111.671,447618.1325,5043528.938,-2280
396,870823,2326,25.32,45,32.52,111,40.41,4.7,-0.98,11,128,1.3,0.03,0.3,0.5,'B',45.542,-111.6735,447421.7227,5043382.443,-3200
397,870823,2327,54.17,45,32.32,111,40.39,5.38,-0.89,12,138,1.5,0.04,0.4,0.7,'B',45.53866667,-111.6731667,447444.6374,5043011.899,-3880
398,870823,2349,17.06,45,32.66,111,40.3,4.9,-1.72,10,126,1.3,0.01,0.2,0.3,'B',45.54433333,-111.6716667,447567.015,5043640.471,-3400
399,870823,2359,46.53,45,32.61,111,40.38,4.18,-1.41,11,125,1.2,0.03,0.3,0.5,'B',45.5435,-111.673,447462.1542,5043548.762,-2680
400,870824,17,38.4,45,32.67,111,40.37,3.74,0.46,11,122,1.2,0.02,0.2,0.4,'B',45.5445,-111.6728333,447476.0992,5043659.75,-2240
401,870824,50,15.35,45,32.6,111,40.5,4.67,-0.43,11,119,1.1,0.02,0.3,0.5,'B',45.54333333,-111.675,447305.8655,5043531.556,-3170
402,870824,120,58.75,45,33.9,111,41.42,2.58,-0.99,10,85,1,0.03,0.2,0.5,'A',45.565,-111.6903333,446129.5508,5045948.86,-1080
403,870824,133,34.8,45,31.94,111,40.59,5.85,-1.43,13,129,1.3,0.08,0.8,0.8,'B',45.53233333,-111.6765,447178.4666,5042310.467,-4350
404,870824,158,26.85,45,32.52,111,40.25,3.68,-1.87,9,138,1.5,0.01,0.1,0.2,'B',45.542,-111.6708333,447629.9082,5043380.699,-2180
405,870824,250,58.57,45,32.94,111,40.66,5.58,-0.63,12,92,0.8,0.03,0.2,0.2,'B',45.549,-111.6776667,447103.0002,5044162.865,-4080
406,870824,257,7.85,45,32.99,111,40.63,6.23,-1.54,10,90,0.9,0.01,0.1,0.3,'A',45.54983333,-111.6771667,447142.8108,5044255.117,-4730
407,870824,331,34.49,45,32.22,111,40.12,5.7,-0.77,12,155,1.8,0.04,0.4,0.3,'B',45.537,-111.6686667,447794.4245,5042823.799,-4200
408,870824,418,46.65,45,32.21,111,40.25,6.12,-1.34,11,148,1.7,0.04,0.5,0.8,'B',45.53683333,-111.6708333,447625.1113,5042806.694,-4620
409,870824,433,48.89,45,32.44,111,40.5,4.87,-1.85,11,126,1.2,0.02,0.2,0.3,'B',45.54066667,-111.675,447303.3742,5043235.296,-3370
410,870824,524,54.07,45,32.33,111,40.16,4.6,-1.32,9,150,1.7,0.04,0.4,0.5,'B',45.53883333,-111.6693333,447744.0776,5043027.912,-3100
411,870824,635,58.19,45,32.6,111,40.35,4.19,-1.04,9,128,1.3,0.02,0.3,0.5,'B',45.54333333,-111.6725,447501.0324,5043529.918,-2690
412,870824,638,13.01,45,33.08,111,42.07,5.66,-1.87,9,122,1,0.01,0.2,0.5,'B',45.55133333,-111.7011667,445270.8809,5044437.85,-4160
413,870824,645,54.18,45,32.64,111,40.44,3.71,-0.33,10,120,1.2,0.02,0.2,0.3,'B',45.544,-111.674,447384.5542,5043604.966,-2210
414,870824,651,46.77,45,32.17,111,40.39,6.23,-1.35,11,140,1.6,0.04,0.4,0.8,'B',45.53616667,-111.6731667,447442.3083,5042734.155,-4730
415,870824,723,30.7,45,32.35,111,40.11,4.85,-0.94,10,152,1.6,0.02,0.2,0.4,'B',45.53916667,-111.6685,447809.4442,5043064.403,-3350
416,870824,737,28.96,45,32.35,111,40.42,6.11,-1.43,11,135,1.4,0.03,0.3,0.5,'B',45.53916667,-111.6736667,447406.0669,5043067.775,-4610
417,870824,810,56.02,45,32.63,111,41.16,2.98,-1.59,11,88,0.4,0.04,0.3,0.5,'A',45.54383333,-111.686,446447.606,5043594.385,-1480
418,870824,821,20.9,45,32.57,111,40.46,4.85,-0.8,11,122,1.2,0.02,0.1,0.3,'B',45.54283333,-111.6743333,447357.4459,5043475.57,-3350
419,870824,822,4.62,45,33.08,111,41.57,5.04,-1.71,12,74,0.6,0.07,0.6,0.8,'A',45.55133333,-111.6928333,445921.35,5044432.201,-3540
420,870824,844,30.85,45,32.46,111,40.31,4.15,-1.91,10,137,1.4,0.02,0.2,0.4,'B',45.541,-111.6718333,447550.9098,5043270.254,-2650
421,870824,844,59.35,45,32.55,111,40.32,4.14,-1.9,10,132,1.4,0.02,0.2,0.4,'B',45.5425,-111.672,447539.2906,5043437.01,-2640
422,870824,1111,36.23,45,32.34,111,40.3,4.67,-1.24,9,142,1.6,0.04,0.5,1,'B',45.539,-111.6716667,447562.057,5043047.95,-3170
423,870824,1135,39.55,45,33.92,111,41.49,3.57,-1.19,10,116,1,0.02,0.2,0.4,'B',45.56533333,-111.6915,446038.8245,5045986.677,-2070
424,870824,1135,44.24,45,33.48,111,41.05,2.11,-1.49,8,124,1.2,0.03,0.3,0.5,'B',45.558,-111.6841667,446604.1415,5045167.052,-610
425,870824,1136,15.11,45,34,111,41.52,2.88,-1.63,10,120,1,0.05,0.3,0.7,'B',45.56666667,-111.692,446001.084,5046135.145,-1380
426,870824,1143,4.37,45,32.15,111,39.66,6.26,-1.69,10,184,1.8,0.03,0.4,0.6,'C',45.53583333,-111.661,448391.9388,5042689.228,-4760
427,870824,1146,52.5,45,32.73,111,40.39,3.73,-0.79,10,117,1.2,0.02,0.2,0.4,'B',45.5455,-111.6731667,447451.004,5043771.067,-2230
428,870824,1216,29.75,45,32.45,111,40.36,4.84,-1.88,10,135,1.4,0.02,0.2,0.5,'B',45.54083333,-111.6726667,447485.6911,5043252.283,-3340
429,870824,1224,22.15,45,33.38,111,42.25,5.05,-1.89,11,87,0.8,0.02,0.2,0.4,'A',45.55633333,-111.7041667,445041.588,5044995.39,-3550
430,870824,1452,54.1,45,32.47,111,40.51,4.79,-2.04,9,124,1.2,0.03,0.3,0.7,'B',45.54116667,-111.6751667,447290.8271,5043290.955,-3290
431,870824,1622,34.98,45,32.6,111,40.39,3.83,-1.11,10,125,1.2,0.02,0.2,0.4,'B',45.54333333,-111.6731667,447448.9853,5043530.354,-2330
432,870824,1643,3.75,45,31.35,111,40.09,4.37,-1.07,13,225,0.4,0.07,0.7,0.6,'C',45.5225,-111.6681667,447820.0557,5041212.56,-2870
433,870824,1647,10.14,45,31,111,40.07,4.63,-0.92,13,273,0.6,0.05,0.6,0.5,'C',45.51666667,-111.6678333,447840.7029,5040564.276,-3130
434,870824,1717,58.22,45,32.01,111,40.13,6.05,-1.86,9,161,1.4,0.05,0.9,1.1,'B',45.5335,-111.6688333,447778.1775,5042435.066,-4550
435,870824,1720,38.77,45,33.26,111,42.05,1.51,-1.07,10,85,1,0.03,0.2,0.4,'A',45.55433333,-111.7008333,445299.8152,5044770.917,-9.999999995
436,870824,1811,21.31,45,31.24,111,40.43,5,-1.27,10,236,0.1,0.05,0.6,0.6,'C',45.52066667,-111.6738333,447375.81,5041012.58,-3500
437,870824,1814,54.85,45,32.61,111,40.29,3.71,-1.35,8,130,1.4,0.02,0.3,0.6,'B',45.5435,-111.6715,447579.254,5043547.781,-2210
438,870824,1936,11.84,45,32.3,111,40.46,5.95,0.14,11,134,1.4,0.03,0.4,0.7,'B',45.53833333,-111.6743333,447353.2461,5042975.63,-4450
439,870824,1939,22.72,45,32.58,111,40.33,4.35,0.23,9,188,1.3,0.02,0.3,0.5,'C',45.543,-111.6721667,447526.7419,5043492.668,-2850
440,870824,1954,53.98,45,32.32,111,40.54,6.04,-1.47,11,127,1.3,0.03,0.3,0.6,'B',45.53866667,-111.6756667,447249.4544,5043013.539,-4540
441,870824,2010,47.02,45,32.75,111,40.66,3.96,-1.57,9,103,0.8,0.03,0.3,0.7,'B',45.54583333,-111.6776667,447100.0298,5043811.055,-2460
442,870824,2021,2.21,45,32.56,111,40.56,4.77,-1.99,9,118,1.1,0.02,0.2,0.4,'B',45.54266667,-111.676,447227.175,5043458.149,-3270
443,870824,2039,5.31,45,32.66,111,40.54,4.74,-1.81,8,113,1,0.01,0.2,0.4,'B',45.54433333,-111.6756667,447254.7536,5043643.092,-3240
444,870824,2112,16.84,45,31.87,111,40.09,4.26,-0.73,11,169,1.1,0.03,0.4,0.6,'B',45.53116667,-111.6681667,447828.0684,5042175.405,-2760
445,870824,2115,4.64,45,32.72,111,40.29,3.87,0.68,11,123,1.3,0.02,0.2,0.4,'B',45.54533333,-111.6715,447580.958,5043751.46,-2370
446,870824,2118,3,45,33.21,111,41.62,3.44,-1.61,11,68,0.8,0.02,0.2,0.4,'A',45.5535,-111.6936667,445858.3789,5044673.476,-1940
447,870824,2122,40.96,45,32.6,111,40.37,4.22,-0.92,11,126,1.3,0.03,0.2,0.5,'B',45.54333333,-111.6728333,447475.0127,5043530.136,-2720
448,870824,2127,49.21,45,32.71,111,40.35,4.15,-1.55,8,131,1.2,0.02,0.2,0.5,'B',45.54516667,-111.6725,447502.7389,5043733.598,-2650
449,870824,2140,46.19,45,32.68,111,40.62,4.37,-1.87,8,108,0.9,0.02,0.2,0.4,'B',45.54466667,-111.677,447150.9814,5043681.002,-2870
450,870824,2222,44.46,45,32.54,111,40.49,4.81,-1.28,11,122,1.2,0.02,0.2,0.3,'B',45.54233333,-111.6748333,447317.9452,5043420.349,-3310
451,870824,2255,41.75,45,33.07,111,41.72,2.32,-1.28,10,79,0.7,0.04,0.3,0.6,'A',45.55116667,-111.6953333,445726.0504,5044415.373,-820
452,870824,2331,10,45,34.09,111,41.69,3.73,-1.2,10,95,1.2,0.03,0.2,0.6,'B',45.56816667,-111.6948333,445781.4322,5046303.703,-2230
453,870825,19,28.82,45,31.66,111,40.2,4.84,-1.43,12,169,0.7,0.03,0.4,0.6,'B',45.52766667,-111.67,447681.6728,5041787.757,-3340
454,870825,25,32.29,45,32.37,111,40.53,6.55,-1.6,11,127,1.3,0.03,0.4,0.6,'B',45.5395,-111.6755,447263.2482,5043106.01,-5050
455,870825,40,41.36,45,32.82,111,40.36,6.54,-1.6,11,112,1.2,0.02,0.3,0.5,'B',45.547,-111.6726667,447491.4325,5043937.386,-5040
456,870825,59,55.11,45,31.58,111,40.29,4.97,-1.47,12,161,0.6,0.04,0.5,0.5,'B',45.52633333,-111.6715,447563.3013,5041640.605,-3470
457,870825,133,51.67,45,32.09,111,39.84,6.26,-1.9,9,231,1.9,0.05,1.1,1.6,'C',45.53483333,-111.664,448156.7885,5042580.063,-4760
458,870825,135,6.9,45,32.64,111,40.43,4.61,-1.27,10,120,1.2,0.03,0.4,0.6,'B',45.544,-111.6738333,447397.5677,5043604.856,-3110
459,870825,230,37.98,45,32.48,111,40.73,6.12,0.61,17,111,1,0.04,0.3,0.3,'B',45.54133333,-111.6788333,447004.7331,5043311.884,-4620
460,870825,232,29.8,45,32.19,111,40.43,5.67,0.14,19,138,1.6,0.05,0.3,0.3,'B',45.5365,-111.6738333,447390.5732,5042771.624,-4170
461,870825,243,15.19,45,33.3,111,41.7,4.74,-1.22,12,65,1,0.03,0.3,0.5,'A',45.555,-111.695,445755.7545,5044841.023,-3240
462,870825,249,18.31,45,33.18,111,41.48,5.98,-1.59,12,67,0.7,0.04,0.4,0.8,'A',45.553,-111.6913333,446040.0285,5044616.355,-4480
463,870825,325,35.2,45,32.3,111,40.21,5.2,-1.01,19,148,1.7,0.05,0.3,0.3,'B',45.53833333,-111.6701667,447678.5478,5042972.906,-3700
464,870825,339,13.82,45,32.48,111,39.75,3.99,-1.9,10,168,1.2,0.05,0.6,0.9,'B',45.54133333,-111.6625,448279.8659,5043301.23,-2490
465,870825,355,51.47,45,33.42,111,41.45,5.85,-0.72,20,69,1.1,0.04,0.2,0.2,'A',45.557,-111.6908333,446082.8807,5045060.411,-4350
466,870825,416,16.21,45,32.4,111,40.3,5.48,-0.76,22,141,1.5,0.05,0.3,0.3,'B',45.54,-111.6716667,447562.9866,5043159.048,-3980
467,870825,416,38.59,45,32.33,111,40.27,5.42,-0.64,22,144,1.6,0.05,0.3,0.2,'B',45.53883333,-111.6711667,447600.9386,5043029.107,-3920
468,870825,434,43.46,45,32.22,111,40.33,5.7,-1.75,11,143,1.7,0.03,0.4,0.6,'B',45.537,-111.6721667,447521.1602,5042826.081,-4200
469,870825,437,16.83,45,32.18,111,40.18,5.55,-0.91,22,153,1.7,0.06,0.3,0.3,'B',45.53633333,-111.6696667,447715.7311,5042750.385,-4050
470,870825,437,23.26,45,32.27,111,40.08,5.15,0.74,18,156,1.7,0.06,0.4,0.4,'B',45.53783333,-111.668,447847.2478,5042915.947,-3650
471,870825,438,9.76,45,32.32,111,40.09,5.61,-0.53,22,154,1.6,0.05,0.3,0.2,'B',45.53866667,-111.6681667,447835.0034,5043008.637,-4110
472,870825,439,34.8,45,32.22,111,40.19,5.63,-1.44,12,151,1.7,0.03,0.4,0.6,'B',45.537,-111.6698333,447703.3416,5042824.559,-4130
473,870825,445,50.91,45,32.02,111,40.41,6.84,-1.8,11,141,1.4,0.05,0.7,0.9,'B',45.53366667,-111.6735,447413.9552,5042456.629,-5340
474,870825,454,1.33,45,32.41,111,40.22,4.82,-1.83,10,145,1.6,0.04,0.5,1,'B',45.54016667,-111.6703333,447667.2416,5043176.694,-3320
475,870825,521,50.44,45,31.99,111,41.03,4.03,-0.95,18,108,1.6,0.06,0.4,0.3,'B',45.53316667,-111.6838333,446606.6567,5042407.901,-2530
476,870825,526,22.85,45,33.73,111,41.45,5.8,-0.74,19,79,1.1,0.05,0.3,0.3,'A',45.56216667,-111.6908333,446087.8223,5045634.418,-4300
477,870825,528,10.23,45,33.55,111,41.45,6.4,-1.06,19,73,1.4,0.04,0.2,0.2,'A',45.55916667,-111.6908333,446084.9529,5045301.124,-4900
478,870825,555,7.39,45,33.58,111,41.54,5.24,-1.08,20,74,1.4,0.05,0.3,0.3,'A',45.55966667,-111.6923333,445968.365,5045357.682,-3740
479,870825,558,47.76,45,33.8,111,41.77,6.34,-1.84,13,82,1.4,0.05,0.4,0.6,'A',45.56333333,-111.6961667,445672.7248,5045767.629,-4840
480,870825,720,47.41,45,33.74,111,40.48,3.75,-0.27,21,46,0.7,0.08,0.3,0.4,'A',45.56233333,-111.6746667,447349.6303,5045642.199,-2250
481,870825,836,31.44,45,32.41,111,40.34,5.37,0.29,17,137,1.5,0.05,0.3,0.3,'B',45.54016667,-111.6723333,447511.0994,5043178,-3870
482,870825,852,43.09,45,32.43,111,40.31,5.72,-0.52,21,139,1.5,0.05,0.3,0.3,'B',45.5405,-111.6718333,447550.4449,5043214.705,-4220
483,870825,916,7.81,45,33.02,111,41.37,4.83,-1.7,12,70,0.4,0.04,0.4,0.7,'A',45.55033333,-111.6895,446180.5785,5044318.863,-3330
484,870825,938,7.28,45,32.77,111,40.17,2.47,-2.07,11,126,1.1,0.07,0.5,0.9,'B',45.54616667,-111.6695,447737.8582,5043842.738,-970
485,870825,957,38.73,45,32.15,111,40.66,6.55,-0.22,21,124,1.5,0.03,0.2,0.1,'B',45.53583333,-111.6776667,447090.6507,5042700.077,-5050
486,870825,1029,31.69,45,32.64,111,40.22,3.56,-1.14,11,133,1.3,0.03,0.2,0.5,'B',45.544,-111.6703333,447670.7981,5043602.569,-2060
487,870825,1116,25.52,45,32.16,111,40.59,6.73,-1.55,10,128,1.5,0.02,0.4,0.8,'B',45.536,-111.6765,447181.8993,5042717.826,-5230
488,870825,1135,11.16,45,32.56,111,41.37,4.89,0.57,17,82,0.5,0.06,0.4,0.5,'A',45.54266667,-111.6895,446173.2615,5043467.113,-3390
489,870825,1232,26.09,45,32.33,111,40.59,4.7,2.27,11,124,1.3,0.04,0.4,0.9,'B',45.53883333,-111.6765,447184.552,5043032.602,-3200
490,870825,1239,24.75,45,32.21,111,40.4,4.33,1.9,11,139,1.6,0.04,0.5,0.9,'B',45.53683333,-111.6733333,447429.9219,5042808.328,-2830
491,870825,1240,14.77,45,32.21,111,39.9,4.68,-1.09,10,169,1.8,0.03,0.4,0.8,'B',45.53683333,-111.665,448080.5506,5042802.905,-3180
492,870825,1243,36.62,45,32.14,111,40,5.69,0.87,13,165,1.7,0.02,0.2,0.2,'B',45.53566667,-111.6666667,447949.3453,5042674.371,-4190
493,870825,1250,43.87,45,32.01,111,40.27,5.87,0.44,16,151,1.4,0.05,0.4,0.3,'B',45.5335,-111.6711667,447595.9848,5042436.586,-4370
494,870825,1253,19.26,45,31.95,111,40.17,5.75,0.85,17,160,1.3,0.03,0.2,0.2,'B',45.5325,-111.6695,447725.1948,5042324.402,-4250
495,870825,1258,1.08,45,32.25,111,40.2,4.39,-1.86,10,150,1.8,0.02,0.3,0.5,'B',45.5375,-111.67,447690.79,5042880.216,-2890
496,870825,1323,57.67,45,32.25,111,40.61,5.46,0.72,14,125,1.4,0.03,0.2,0.3,'B',45.5375,-111.6768333,447157.2813,5042884.692,-3960
497,870825,1325,7.75,45,31.98,111,40.23,5.81,0.31,21,155,1.3,0.05,0.3,0.2,'B',45.533,-111.6705,447647.577,5042380.603,-4310
498,870825,1328,33.41,45,32.53,111,40.25,4.9,0.52,15,138,1.5,0.07,0.5,0.6,'B',45.54216667,-111.6708333,447630.063,5043399.216,-3400
499,870825,1332,1.15,45,32.2,111,40.35,4.73,0.37,11,144,1.7,0.02,0.2,0.4,'B',45.53666667,-111.6725,447494.8274,5042789.267,-3230
500,870825,1333,50.01,45,31.96,111,39.89,5.74,0.92,12,179,1.4,0.02,0.2,0.3,'B',45.53266667,-111.6648333,448089.7322,5042339.891,-4240
501,870825,1335,25.52,45,32.4,111,40.5,4.84,-1.51,12,127,1.3,0.04,0.4,0.4,'B',45.54,-111.675,447302.7514,5043161.231,-3340
502,870825,1336,47.95,45,33.57,111,40.75,5.49,-1.81,9,107,0.9,0.02,0.2,0.5,'B',45.5595,-111.6791667,446995.7841,5045330.384,-3990
503,870825,1336,52.38,45,31.86,111,40.29,5.89,-1.77,11,153,1.1,0.02,0.3,0.5,'B',45.531,-111.6715,447567.6375,5042159.06,-4390
504,870825,1337,2.43,45,32.22,111,40.06,5.95,0.65,8,190,1.8,0.03,0.4,0.6,'C',45.537,-111.6676667,447872.5,5042823.149,-4450
505,870825,1343,46.66,45,31.94,111,40.07,6.4,-0.25,16,168,1.3,0.04,0.3,0.3,'B',45.53233333,-111.6678333,447855.1796,5042304.802,-4900
506,870825,1345,56.31,45,32.34,111,40.22,4.77,1.04,11,147,1.7,0.02,0.2,0.5,'B',45.539,-111.6703333,447666.1592,5043047.08,-3270
507,870825,1346,23.57,45,32.61,111,40.3,4.23,0.97,10,130,1.3,0.02,0.2,0.3,'B',45.5435,-111.6716667,447566.2403,5043547.89,-2730
508,870825,1414,9.27,45,32.56,111,41.38,5.24,0.06,16,82,0.5,0.05,0.4,0.4,'A',45.54266667,-111.6896667,446160.2476,5043467.225,-3740
509,870825,1425,46.67,45,31.88,111,40.2,6.51,-1.71,11,160,1.1,0.02,0.3,0.4,'B',45.53133333,-111.67,447685.0723,5042195.114,-5010
510,870825,1439,23.16,45,32.32,111,40.47,5.97,-1.84,11,133,1.4,0.04,0.4,0.7,'B',45.53866667,-111.6745,447340.5424,5043012.773,-4470
511,870825,1452,1.43,45,33.7,111,41.32,5.15,0.51,12,78,1,0.04,0.3,0.6,'A',45.56166667,-111.6886667,446256.4285,5045577.416,-3650
512,870825,1525,36.69,45,32.95,111,41.19,4.51,-1.53,12,77,0.3,0.03,0.2,0.5,'A',45.54916667,-111.6865,446413.641,5044187.242,-3010
513,870825,1535,41.45,45,32.3,111,40.14,5.64,-0.56,15,152,1.7,0.04,0.3,0.3,'B',45.53833333,-111.669,447769.6364,5042972.146,-4140
514,870825,1536,52.91,45,33.7,111,40.54,6.5,-1.84,11,56,0.7,0.03,0.3,0.3,'A',45.56166667,-111.6756667,447270.9662,5045568.791,-5000
515,870825,1538,16.33,45,33.04,111,41.72,3.13,-1.36,12,81,0.7,0.04,0.3,0.6,'A',45.55066667,-111.6953333,445725.5691,5044359.824,-1630
516,870825,1544,39.46,45,32.89,111,41,5.79,-0.5,13,84,0.4,0.04,0.3,0.4,'A',45.54816667,-111.6833333,446659.8834,5044074.034,-4290
517,870825,1557,34.14,45,32.08,111,40.18,5.11,1.59,11,156,1.5,0.02,0.3,0.7,'B',45.53466667,-111.6696667,447714.1865,5042565.223,-3610
518,870825,1621,22.34,45,32.19,111,40.13,4.68,0.29,10,156,1.7,0.02,0.3,0.5,'B',45.5365,-111.6688333,447780.9543,5042768.359,-3180
519,870825,1622,43.01,45,32.49,111,40.38,5.15,-1.17,9,194,1.3,0.03,0.5,1,'C',45.5415,-111.673,447460.2913,5043326.566,-3650
520,870825,1625,0.69,45,31.98,111,40.04,5.99,-1.71,12,168,1.4,0.05,0.6,0.6,'B',45.533,-111.6673333,447894.8363,5042378.543,-4490
521,870825,1627,0.36,45,32.35,111,40.43,5.43,0.69,10,134,1.4,0.02,0.3,0.5,'B',45.53916667,-111.6738333,447393.0601,5043067.884,-3930
522,870825,1630,4.72,45,32.01,111,40.08,6.42,-1.92,10,165,1.4,0.03,0.5,0.6,'B',45.5335,-111.668,447843.2418,5042434.524,-4920
523,870825,1633,21.8,45,32.29,111,40.23,6.29,-0.05,10,147,1.7,0.03,0.4,0.9,'B',45.53816667,-111.6705,447652.3712,5042954.607,-4790
524,870825,1642,34.57,45,32.44,111,40.34,4.69,1.03,9,136,1.4,0.03,0.3,0.6,'B',45.54066667,-111.6723333,447511.5646,5043233.549,-3190
525,870825,1643,4.4,45,31.98,111,39.86,6.35,-1.26,12,180,1.4,0.05,0.6,0.9,'C',45.533,-111.6643333,448129.0794,5042376.6,-4850
526,870825,1645,51.16,45,32.28,111,40.48,6.01,-1.78,11,133,1.5,0.03,0.4,0.7,'B',45.538,-111.6746667,447326.9051,5042938.817,-4510
527,870825,1655,56.94,45,32.53,111,40.46,3.76,-1.59,8,130,1.2,0.02,0.3,0.5,'B',45.54216667,-111.6743333,447356.8237,5043401.505,-2260
528,870825,1656,21.11,45,32.58,111,40.47,4.81,-0.06,11,121,1.2,0.02,0.3,0.5,'B',45.543,-111.6745,447344.5877,5043494.196,-3310
529,870825,1656,45.12,45,32.29,111,40.02,4.56,-0.35,11,159,1.7,0.02,0.3,0.5,'B',45.53816667,-111.667,447925.6299,5042952.331,-3060
530,870825,1714,25.46,45,32.38,111,40.29,4.7,-1.56,9,205,1.5,0.04,0.7,1,'C',45.53966667,-111.6715,447575.6913,5043121.907,-3200
531,870825,1715,56.8,45,32.39,111,40.07,4.45,-0.75,10,211,1.5,0.03,0.5,0.7,'C',45.53983333,-111.6678333,447862.1113,5043138.034,-2950
532,870825,1732,24.49,45,32.46,111,40.28,4.5,-1.35,11,139,1.5,0.04,0.4,0.8,'B',45.541,-111.6713333,447589.9448,5043269.928,-3000
533,870825,1739,7.49,45,32.58,111,40.49,4.25,0.34,10,120,1.1,0.01,0.1,0.2,'B',45.543,-111.6748333,447318.5679,5043494.414,-2750
534,870825,1755,2.03,45,32.23,111,40.18,5.3,-1.67,13,151,1.8,0.03,0.3,0.3,'B',45.53716667,-111.6696667,447716.5034,5042842.967,-3800
535,870825,1811,54.65,45,32.44,111,40.33,4.65,-1.47,11,137,1.4,0.03,0.3,0.7,'B',45.54066667,-111.6721667,447524.5712,5043233.44,-3150
536,870825,1815,52.02,45,32.34,111,40.29,4.65,0.47,11,143,1.6,0.02,0.3,0.5,'B',45.539,-111.6715,447575.0718,5043047.841,-3150
537,870825,1819,44.99,45,32.4,111,40.24,4.65,-0.61,11,144,1.6,0.03,0.3,0.7,'B',45.54,-111.6706667,447641.058,5043158.395,-3150
538,870825,1824,31.14,45,32.32,111,40.21,3.46,-1.38,11,148,1.7,0.03,0.3,0.5,'B',45.53866667,-111.6701667,447678.857,5043009.939,-1960
539,870825,1853,51.07,45,31.81,111,40.49,6.38,-1.51,12,136,1,0.04,0.4,0.6,'B',45.53016667,-111.6748333,447306.5825,5042068.662,-4880
540,870825,1948,43.04,45,33.32,111,42.24,6.7,-1.76,10,137,0.8,0.02,0.3,0.6,'B',45.55533333,-111.704,445053.6241,5044884.178,-5200
541,870825,1953,18.39,45,31.71,111,39.76,3.94,-1.72,10,202,1.1,0.03,0.4,0.6,'C',45.5285,-111.6626667,448255.0828,5041875.585,-2440
542,870825,1954,36.91,45,32.64,111,40.35,4,0.53,11,125,1.3,0.03,0.3,0.5,'B',45.544,-111.6725,447501.6529,5043603.984,-2500
543,870825,1958,1.92,45,31.86,111,40.26,6.29,-1.79,10,155,1.1,0.03,0.4,0.5,'B',45.531,-111.671,447606.6794,5042158.734,-4790
544,870825,2051,8.62,45,31.04,111,40.05,3.78,-0.21,11,272,0.6,0.06,0.9,1.1,'C',45.51733333,-111.6675,447867.3505,5040638.124,-2280
545,870825,2141,24.6,45,32.33,111,40.36,5.67,-1.74,11,139,1.5,0.03,0.3,0.5,'B',45.53883333,-111.6726667,447483.8291,5043030.087,-4170
546,870825,2143,47,45,32.27,111,40.23,4.75,-0.46,10,148,1.7,0.02,0.2,0.4,'B',45.53783333,-111.6705,447652.0619,5042917.574,-3250
547,870825,2153,1.02,45,31.92,111,40.22,5.35,-1.54,11,157,1.2,0.03,0.3,0.5,'B',45.532,-111.6703333,447659.6655,5042269.396,-3850
548,870825,2158,4.94,45,32.31,111,40.42,6.5,-0.75,11,136,1.5,0.03,0.4,0.6,'B',45.5385,-111.6736667,447405.4454,5042993.71,-5000
549,870825,2158,14.08,45,31.9,111,40.17,5.52,-0.76,12,161,1.2,0.03,0.4,0.5,'B',45.53166667,-111.6695,447724.4228,5042231.821,-4020
550,870825,2240,34.45,45,32.12,111,40.11,6.1,-1.73,12,159,1.6,0.03,0.4,0.5,'B',45.53533333,-111.6685,447805.8977,5042638.528,-4600
551,870825,2334,9.86,45,30.83,111,40.48,5.47,-0.94,11,279,0.9,0.04,0.5,0.5,'C',45.51383333,-111.6746667,447304.345,5040253.961,-3970
552,870826,22,15.26,45,31.83,111,39.66,5.29,-1.02,20,245,2.3,0.05,0.3,0.3,'C',45.5305,-111.661,448387.0602,5042096.707,-3790
553,870826,40,1.24,45,33.53,111,42.33,6.88,-0.08,20,99,0.9,0.05,0.3,0.2,'B',45.55883333,-111.7055,444939.9674,5045274.05,-5380
554,870826,237,57.03,45,32.17,111,39.96,5.6,-0.07,18,181,1.8,0.05,0.3,0.3,'C',45.53616667,-111.666,448001.8603,5042729.488,-4100
555,870826,318,46.69,45,31.91,111,40.09,5.23,-0.23,20,200,2.2,0.04,0.2,0.2,'C',45.53183333,-111.6681667,447828.6848,5042249.469,-3730
556,870826,347,1.8,45,34.35,111,41.83,4.26,-0.95,20,110,1.5,0.07,0.3,0.4,'B',45.5725,-111.6971667,445603.5349,5046786.708,-2760
557,870826,355,45.25,45,32.34,111,40.5,5.73,0.6,19,160,1.4,0.07,0.4,0.4,'B',45.539,-111.675,447301.8172,5043050.133,-4230
558,870826,626,45.35,45,32.09,111,40.08,5.86,-0.47,20,186,2,0.04,0.2,0.2,'C',45.53483333,-111.668,447844.4744,5042582.654,-4360
559,870826,750,37.99,45,32.17,111,40.25,6.17,-0.59,20,177,1.8,0.04,0.2,0.2,'B',45.53616667,-111.6708333,447624.4924,5042732.63,-4670
560,870826,916,36.46,45,33.28,111,40.8,7.12,-0.32,20,98,1.1,0.05,0.3,0.2,'B',45.55466667,-111.68,446926.1996,5044793.961,-5620
561,870826,959,39.42,45,32.4,111,40.19,5,-0.26,20,159,1.6,0.05,0.2,0.2,'B',45.54,-111.6698333,447706.1227,5043157.852,-3500
562,870826,1018,56.42,45,32.34,111,40.37,5.89,0.46,20,162,1.5,0.04,0.2,0.2,'B',45.539,-111.6728333,447470.9774,5043048.713,-4390
563,870826,1051,25.31,45,32.21,111,40.25,6.56,-0.28,20,174,1.8,0.04,0.3,0.2,'B',45.53683333,-111.6708333,447625.1113,5042806.694,-5060
564,870826,1142,8.93,45,32.43,111,41.41,5.57,0.98,19,83,0.7,0.05,0.3,0.3,'A',45.5405,-111.6901667,446119.1441,5043226.848,-4070
565,870826,1149,40.24,45,32.35,111,41.16,5.28,0.94,18,147,0.9,0.06,0.3,0.4,'B',45.53916667,-111.686,446443.1752,5043075.93,-3780
566,870826,1221,12.57,45,31.75,111,41.11,5.03,-0.02,20,200,1.7,0.05,0.3,0.3,'C',45.52916667,-111.6851667,446498.7512,5041964.398,-3530
567,870826,1342,13.97,45,33.48,111,41.28,6.12,-0.81,20,70,1.2,0.03,0.2,0.2,'A',45.558,-111.688,446304.9661,5045169.61,-4620
568,870826,1423,17.65,45,33.59,111,42.31,4.7,-0.64,19,100,1,0.05,0.2,0.3,'B',45.55983333,-111.7051667,444966.9562,5045384.919,-3200
569,870826,1617,7.68,45,32.31,111,40.44,6.35,-1.11,19,163,1.5,0.03,0.2,0.2,'B',45.5385,-111.674,447379.4235,5042993.928,-4850
570,870826,1617,21.26,45,32.21,111,40.42,6.29,-0.82,19,171,1.6,0.04,0.2,0.2,'B',45.53683333,-111.6736667,447403.8915,5042808.546,-4790
571,870826,1713,8.11,45,32.17,111,40.13,5.83,-0.29,18,114,1.7,0.05,0.3,0.3,'B',45.53616667,-111.6688333,447780.6457,5042731.327,-4330
572,870826,1844,4.96,45,32.12,111,40.33,5.57,-0.31,18,179,1.8,0.08,0.5,0.5,'B',45.53533333,-111.6721667,447519.6098,5042640.918,-4070
573,870826,2026,47.07,45,31.58,111,40.56,4.93,-1.17,16,218,2.4,0.07,0.5,0.4,'C',45.52633333,-111.676,447211.895,5041643.554,-3430
574,870827,212,58.53,45,33.57,111,43.12,7.51,0.58,18,180,0.8,0.04,0.2,0.2,'B',45.5595,-111.7186667,443913.032,5045357.234,-6010
575,870827,242,18.64,45,32.47,111,40.07,6.49,0.7,20,99,1.4,0.06,0.3,0.3,'B',45.54116667,-111.6678333,447863.3437,5043286.165,-4990
576,870827,242,41.15,45,32.3,111,39.87,5.79,-0.57,22,118,1.5,0.04,0.2,0.1,'B',45.53833333,-111.6645,448120.9679,5042969.228,-4290
577,870827,258,10.65,45,32.35,111,40.29,5.94,0.64,21,97,1.6,0.05,0.3,0.2,'B',45.53916667,-111.6715,447575.2267,5043066.358,-4440
578,870827,844,13.66,45,32.33,111,40.26,6.02,-1.05,22,99,1.6,0.04,0.2,0.2,'B',45.53883333,-111.671,447613.9534,5043028.998,-4520
579,870827,918,39.25,45,33.81,111,41.05,6.06,-0.24,22,80,0.6,0.05,0.2,0.2,'A',45.5635,-111.6841667,446609.3513,5045778.091,-4560
580,870827,1123,49.81,45,32.5,111,42.01,3.24,1.23,11,121,1.1,0.05,0.3,0.6,'B',45.54166667,-111.7001667,445339.5681,5043363.224,-1740
581,870827,1318,35.04,45,33.73,111,41.18,5.54,-0.8,20,78,0.9,0.04,0.2,0.2,'A',45.56216667,-111.6863333,446439.0054,5045631.405,-4040
582,870827,1431,20.37,45,34.15,111,41.74,5.09,-0.02,18,98,1.3,0.06,0.3,0.3,'B',45.56916667,-111.6956667,445717.3633,5046415.365,-3590
583,870827,1524,45.63,45,31.06,111,39.98,4.41,-0.3,20,256,0.6,0.06,0.3,0.3,'C',45.51766667,-111.6663333,447958.7803,5040674.4,-2910
584,870827,2035,12.76,45,32.65,111,41.73,4.46,-0.82,18,112,0.7,0.06,0.3,0.3,'B',45.54416667,-111.6955,445706.2995,5043637.801,-2960
585,870827,2245,16.44,45,33.24,111,41.3,5.52,-0.81,22,64,0.8,0.06,0.3,0.3,'A',45.554,-111.6883333,446275.1415,5044725.44,-4020
586,870828,32,32.9,45,32.54,111,41.54,4.71,-0.78,22,89,0.6,0.05,0.2,0.2,'A',45.54233333,-111.6923333,445951.7529,5043431.984,-3210
587,870828,447,43.79,45,33.73,111,41.17,5.89,-0.78,20,78,0.9,0.05,0.2,0.2,'A',45.56216667,-111.6861667,446452.0069,5045631.294,-4390
588,870828,522,10.17,45,33.6,111,42.11,4.64,-0.83,20,87,1.2,0.07,0.3,0.3,'A',45.56,-111.7018333,445227.2697,5045401.155,-3140
589,870828,551,46.85,45,32.19,111,40.38,6.18,-0.59,20,100,1.7,0.04,0.2,0.2,'B',45.5365,-111.673,447455.6341,5042771.078,-4680
590,870828,638,56.54,45,33.19,111,41.16,5,-0.89,20,63,0.7,0.06,0.2,0.3,'A',45.55316667,-111.686,446456.4688,5044631.3,-3500
591,870828,720,28.86,45,33.7,111,41.38,4.03,2.35,10,78,1.1,0.03,0.2,0.6,'A',45.56166667,-111.6896667,446178.3872,5045578.086,-2530
592,870828,825,0.12,45,33.77,111,41.53,5.3,1.01,17,81,1.2,0.05,0.2,0.3,'A',45.56283333,-111.6921667,445984.4018,5045709.38,-3800
593,870828,948,16.92,45,33.86,111,42.01,5.69,-0.83,20,87,1.6,0.07,0.3,0.3,'A',45.56433333,-111.7001667,445361.538,5045881.444,-4190
594,870828,1159,41.88,45,31.97,111,39.76,5.73,-0.65,20,152,1.5,0.05,0.2,0.2,'B',45.53283333,-111.6626667,448259.0565,5042357.008,-4230
595,870828,1222,19.77,45,32.69,111,41.04,5.48,-0.39,22,67,0.4,0.05,0.2,0.2,'A',45.54483333,-111.684,446604.6849,5043704.151,-3980
596,870828,1549,58.26,45,32.38,111,41.86,1.25,0.62,12,110,1.1,0.03,0.2,0.4,'B',45.53966667,-111.6976667,445532.8095,5043139.329,250
597,870828,1558,56.67,45,32.23,111,40.35,6.09,-0.62,21,100,1.6,0.04,0.2,0.2,'B',45.53716667,-111.6725,447495.2927,5042844.816,-4590
598,870828,1654,44.96,45,33.5,111,43.36,7.36,1.5,12,194,0.9,0.04,0.5,0.6,'C',45.55833333,-111.7226667,443599.6873,5045230.423,-5860